"method_a","resolution_a","method_b","resolution_b","n_clusters_a","n_clusters_b","adjusted_rand"
"unintegrated",0.05,"unintegrated",0.1,11,14,0.977986904485766
"unintegrated",0.05,"harmony",0.05,11,12,0.978650657167517
"unintegrated",0.05,"scvi",0.05,11,15,0.74156362089175
"unintegrated",0.1,"unintegrated",0.15,14,16,0.838282748966468
"unintegrated",0.1,"harmony",0.1,14,15,0.947921903532757
"unintegrated",0.1,"scvi",0.1,14,20,0.531930436397763
"unintegrated",0.15,"unintegrated",0.2,16,17,0.989556784580859
"unintegrated",0.15,"harmony",0.15,16,16,0.597184248307138
"unintegrated",0.15,"scvi",0.15,16,23,0.663110760173497
"unintegrated",0.2,"unintegrated",0.25,17,18,0.692365627335299
"unintegrated",0.2,"harmony",0.2,17,16,0.585046312753899
"unintegrated",0.2,"scvi",0.2,17,28,0.55956155604481
"unintegrated",0.25,"unintegrated",0.3,18,19,0.980489863094998
"unintegrated",0.25,"harmony",0.25,18,17,0.79756935691082
"unintegrated",0.25,"scvi",0.25,18,31,0.564941093773016
"unintegrated",0.3,"harmony",0.3,19,20,0.868873595152265
"unintegrated",0.3,"scvi",0.3,19,32,0.577982097271184
"harmony",0.05,"harmony",0.1,12,15,0.945131435500665
"harmony",0.05,"scvi",0.05,12,15,0.734114073219575
"harmony",0.1,"harmony",0.15,15,16,0.663118366907983
"harmony",0.1,"scvi",0.1,15,20,0.515206871880853
"harmony",0.15,"harmony",0.2,16,16,0.997416796008884
"harmony",0.15,"scvi",0.15,16,23,0.528016799613775
"harmony",0.2,"harmony",0.25,16,17,0.98508791318956
"harmony",0.2,"scvi",0.2,16,28,0.467206386161668
"harmony",0.25,"harmony",0.3,17,20,0.808221973668034
"harmony",0.25,"scvi",0.25,17,31,0.5046716695897
"harmony",0.3,"scvi",0.3,20,32,0.563406538998904
"scvi",0.05,"scvi",0.1,15,20,0.727450071007578
"scvi",0.1,"scvi",0.15,20,23,0.951165126385247
"scvi",0.15,"scvi",0.2,23,28,0.861863916058006
"scvi",0.2,"scvi",0.25,28,31,0.775598484862577
"scvi",0.25,"scvi",0.3,31,32,0.94223174790188
