"method","resolution","n_clusters","min_cluster_size","n_small_clusters","absent_clusters","singleton_clusters","mean_silhouette","mean_cluster_silhouette","silhouette_status"
"unintegrated",0.05,11,2869,0,0,0,0.337034706995677,0.335200336142069,"available"
"unintegrated",0.1,14,2817,0,0,0,0.37568935828347,0.34163796166285,"available"
"unintegrated",0.15,16,570,0,0,0,0.222274656909362,0.341379991684684,"available"
"unintegrated",0.2,17,570,0,0,0,0.232651623394531,0.342114752972419,"available"
"unintegrated",0.25,18,570,0,0,0,0.241283009402117,0.31901822652656,"available"
"unintegrated",0.3,19,497,0,0,0,0.23162036957991,0.309410186108197,"available"
"harmony",0.05,12,2780,0,0,0,0.367265382016807,0.375372742309102,"available"
"harmony",0.1,15,2780,0,0,0,0.238847082626942,0.320287307970198,"available"
"harmony",0.15,16,2822,0,0,0,0.279681725819446,0.313543387282849,"available"
"harmony",0.2,16,2780,0,0,0,0.279836951578688,0.314136777969521,"available"
"harmony",0.25,17,2780,0,0,0,0.291447791065241,0.322304250876832,"available"
"harmony",0.3,20,1061,0,0,0,0.258320298725945,0.299930195057665,"available"
"scvi",0.05,15,515,0,0,0,0.163617868800844,0.254839611458245,"available"
"scvi",0.1,20,515,0,0,0,0.169241463220897,0.24755258753978,"available"
"scvi",0.15,23,515,0,0,0,0.177601506246494,0.247092862174342,"available"
"scvi",0.2,28,317,0,0,0,0.188900909887852,0.261552669535276,"available"
"scvi",0.25,31,302,0,0,0,0.190019404911012,0.264648297456992,"available"
"scvi",0.3,32,302,0,0,0,0.180306056109412,0.255210732604223,"available"
