"dataset","scenario","sample","input_cells","baseline_clean","reference_clean","qc_only","retained","retention_percent","lost_vs_baseline","gained_vs_baseline","lost_vs_reference","gained_vs_reference","mt_flags_changed","feature_max","mt_max","ribo_max","n_exactly_300","n_exactly_4000"
"soupx","baseline","REVO26-C",11604,9974,9974,10164,9974,85.9531196139262,0,0,0,0,0,4275.8655,13.0763414827255,26.8002525664522,2,0
"soupx","baseline","REVO26-N4",12587,10615,10615,10779,10615,84.3330420274887,0,0,0,0,0,4500,14.9310023073759,22.8406701767039,0,3
"soupx","baseline","REVO26-N10",15279,12275,12275,12551,12275,80.3390274232607,0,0,0,0,0,4500,14.7572311587711,22.5457820637666,2,1
"soupx","baseline","REVO26-P4",14596,12325,12325,12634,12325,84.440942724034,0,0,0,0,0,3989.4315,12.8175762566744,24.9287177228776,0,0
"soupx","baseline","REVO26-P10",11899,10173,10173,10378,10173,85.4945793764182,0,0,0,0,0,4092.397,13.2703776340671,23.8939956242906,0,0
"soupx","baseline","REVO27-C",11245,9429,9429,9583,9429,83.8506002667852,0,0,0,0,0,4222.8724,17.4891965016205,25.7487332094341,0,1
"soupx","baseline","REVO27-N4",11895,10224,10224,10388,10224,85.9520807061791,0,0,0,0,0,4500,17.3810310261598,22.9986450449372,1,0
"soupx","baseline","REVO27-N10",12264,10045,10045,10202,10045,81.9063926940639,0,0,0,0,0,4500,17.491041440644,19.0084423551785,0,0
"soupx","baseline","REVO27-P4",12307,10505,10505,10691,10505,85.3579263833591,0,0,0,0,0,4500,16.1626711079228,21.2224420162028,1,0
"soupx","baseline","REVO27-P10",12805,10285,10285,10469,10285,80.3201874267864,0,0,0,0,0,4500,16.3599290158823,18.3584760054578,0,1
"soupx","baseline","REVO29-C",13952,11807,11807,12045,11807,84.6258600917431,0,0,0,0,0,3752.6912,18.918261280997,26.2716458365371,0,0
"soupx","baseline","REVO29-N4",10634,8860,8860,8977,8860,83.3176603347752,0,0,0,0,0,4500,17.0808170035178,20.5564361512852,0,1
"soupx","baseline","REVO29-P4",12991,11141,11141,11365,11141,85.759371872835,0,0,0,0,0,4417.0234,18.290121517852,25.0435588361045,0,2
"soupx","baseline","REVO30-C",13833,11879,11879,12105,11879,85.8743584182751,0,0,0,0,0,4045.007,14.9710369044853,23.8824468309585,0,3
"soupx","baseline","REVO30-N4",13852,11366,11366,11590,11366,82.0531331215709,0,0,0,0,0,3588.8547,14.2963920768714,23.0422480530867,0,0
"soupx","baseline","REVO30-N10",14267,11543,11543,11783,11543,80.9069881544824,0,0,0,0,0,3964.5152,15.272662541158,19.9066106675369,2,1
"soupx","baseline","REVO30-P10",17082,13040,13040,13526,13040,76.3376653787613,0,0,0,0,0,3644.3038,15.2454903382857,18.6029079247463,1,4
"soupx","baseline","REVO30-P4",13422,11053,11053,11287,11053,82.3498733422739,0,0,0,0,0,3739.7516,15.2383407968902,21.5332911393983,0,1
"soupx","baseline","REVO31-C",10417,8572,8572,8703,8572,82.2885667658635,0,0,0,0,0,3766.5868,13.9598026596691,26.5276046597656,1,1
"soupx","baseline","REVO31-N4",11871,9616,9616,9765,9616,81.0041277061747,0,0,0,0,0,4500,15.0641440714821,20.5098228629816,1,0
"soupx","baseline","REVO31-N8",14242,11537,11537,11808,11537,81.0068810560315,0,0,0,0,0,4352.0096,15.4415370848131,23.5584144962187,0,1
"soupx","baseline","REVO31-P10",12643,10116,10116,10321,10116,80.0126552242347,0,0,0,0,0,4341.0398,14.0893966332354,19.4219676530089,1,0
"soupx","baseline","REVO31-P4",13706,11292,11292,11573,11292,82.3872756457026,0,0,0,0,0,4227.6498,12.3480041088203,20.5829550951782,0,3
"soupx","independent_baseline","REVO26-C",11604,9974,9974,10176,9986,86.0565322302654,0,12,0,12,12,4275.8655,13.1730003455193,26.8002525664522,2,0
"soupx","independent_baseline","REVO26-N4",12587,10615,10615,10775,10611,84.3012632080718,4,0,4,0,4,4500,14.8086966430959,22.8406701767039,0,3
"soupx","independent_baseline","REVO26-N10",15279,12275,12275,12523,12248,80.1623142875843,27,0,27,0,28,4500,14.3936734967471,22.5457820637666,2,1
"soupx","independent_baseline","REVO26-P4",14596,12325,12325,12637,12328,84.4614963003563,0,3,0,3,3,3989.4315,12.8597019921588,24.9287177228776,0,0
"soupx","independent_baseline","REVO26-P10",11899,10173,10173,10377,10172,85.4861753088495,1,0,1,0,1,4092.397,13.2629450601602,23.8939956242906,0,0
"soupx","independent_baseline","REVO27-C",11245,9429,9429,9556,9403,83.6193863939529,26,0,26,0,27,4222.8724,17.03126355649,25.7487332094341,0,1
"soupx","independent_baseline","REVO27-N4",11895,10224,10224,10361,10197,85.7250945775536,27,0,27,0,27,4500,16.9023992549726,22.9986450449372,1,0
"soupx","independent_baseline","REVO27-N10",12264,10045,10045,10175,10019,81.694390084801,26,0,26,0,27,4500,16.7231585353446,19.0084423551785,0,0
"soupx","independent_baseline","REVO27-P4",12307,10505,10505,10661,10475,85.1141626716503,30,0,30,0,30,4500,15.7766553953352,21.2224420162028,1,0
"soupx","independent_baseline","REVO27-P10",12805,10285,10285,10433,10249,80.0390472471691,36,0,36,0,36,4500,15.7266887009564,18.3584760054578,0,1
"soupx","independent_baseline","REVO29-C",13952,11807,11807,12011,11774,84.3893348623853,33,0,33,0,34,3752.6912,18.5426577532165,26.2716458365371,0,0
"soupx","independent_baseline","REVO29-N4",10634,8860,8860,8912,8796,82.7158171901448,64,0,64,0,66,4500,16.3577290516553,20.5564361512852,0,1
"soupx","independent_baseline","REVO29-P4",12991,11141,11141,11344,11121,85.6054191363251,20,0,20,0,22,4417.0234,18.0232606910558,25.0435588361045,0,2
"soupx","independent_baseline","REVO30-C",13833,11879,11879,12113,11887,85.9321911371358,0,8,0,8,8,4045.007,15.0723424154692,23.8824468309585,0,3
"soupx","independent_baseline","REVO30-N4",13852,11366,11366,11570,11346,81.9087496390413,20,0,20,0,20,3588.8547,14.0245490340411,23.0422480530867,0,0
"soupx","independent_baseline","REVO30-N10",14267,11543,11543,11761,11521,80.7527861498563,22,0,22,0,23,3964.5152,15.0708434638546,19.9066106675369,2,1
"soupx","independent_baseline","REVO30-P10",17082,13040,13040,13514,13028,76.2674159934434,12,0,12,0,12,3644.3038,15.0070121784139,18.6029079247463,1,4
"soupx","independent_baseline","REVO30-P4",13422,11053,11053,11280,11046,82.2977201609298,7,0,7,0,7,3739.7516,15.1644340753279,21.5332911393983,0,1
"soupx","independent_baseline","REVO31-C",10417,8572,8572,8696,8565,82.2213689161947,7,0,7,0,8,3766.5868,13.8335570851523,26.5276046597656,1,1
"soupx","independent_baseline","REVO31-N4",11871,9616,9616,9750,9601,80.8777693538876,15,0,15,0,16,4500,14.8623547198892,20.5098228629816,1,0
"soupx","independent_baseline","REVO31-N8",14242,11537,11537,11808,11537,81.0068810560315,0,0,0,0,0,4352.0096,15.4467462865475,23.5584144962187,0,1
"soupx","independent_baseline","REVO31-P10",12643,10116,10116,10314,10109,79.9572886182077,7,0,7,0,7,4341.0398,14.0075081913753,19.4219676530089,1,0
"soupx","independent_baseline","REVO31-P4",13706,11292,11292,11543,11263,82.1756894790603,29,0,29,0,30,4227.6498,12.1257840004044,20.5829550951782,0,3
"soupx","previous_combined","REVO26-C",11604,9974,9802,9991,9802,84.4708721130645,172,0,0,0,0,4275.8655,13.0763414827255,21.4178938605309,2,0
"soupx","previous_combined","REVO26-N4",12587,10615,10159,10322,10159,80.7102566139668,456,0,0,0,0,4500,14.9310023073759,18.1207304724125,0,3
"soupx","previous_combined","REVO26-N10",15279,12275,11914,12188,11914,77.9763073499575,361,0,0,0,0,4500,14.7572311587711,17.6210579869996,2,1
"soupx","previous_combined","REVO26-P4",14596,12325,12143,12450,12143,83.1940257604823,182,0,0,0,0,3989.4315,12.8175762566744,19.9461837387413,0,0
"soupx","previous_combined","REVO26-P10",11899,10173,10001,10206,10001,84.0490797546012,172,0,0,0,0,4092.397,13.2703776340671,18.2178679002896,0,0
"soupx","previous_combined","REVO27-C",11245,9429,9024,9174,9024,80.2489995553579,405,0,0,0,273,4222.8724,15,20.41696767748,0,1
"soupx","previous_combined","REVO27-N4",11895,10224,9696,9857,9696,81.5132408575031,528,0,0,0,212,4500,15,18.3215928261949,1,0
"soupx","previous_combined","REVO27-N10",12264,10045,9593,9748,9593,78.2208088714938,452,0,0,0,134,4500,15,14.6060650954534,0,0
"soupx","previous_combined","REVO27-P4",12307,10505,10142,10326,10142,82.4083854716828,363,0,0,0,110,4500,15,16.6652568136033,1,0
"soupx","previous_combined","REVO27-P10",12805,10285,9713,9891,9713,75.8531823506443,572,0,0,0,86,4500,15,14.272409474564,0,1
"soupx","previous_combined","REVO29-C",13952,11807,11092,11316,11092,79.5011467889908,715,0,0,0,571,3752.6912,15,20.915439255805,0,0
"soupx","previous_combined","REVO29-N4",10634,8860,8068,8180,8068,75.8698514199737,792,0,0,0,237,4500,15,16.4539090243878,0,1
"soupx","previous_combined","REVO29-P4",12991,11141,10573,10789,10573,81.3871141559541,568,0,0,0,400,4417.0234,15,19.9187852524609,0,2
"soupx","previous_combined","REVO30-C",13833,11879,11533,11754,11533,83.3730933275501,346,0,0,0,0,4045.007,14.9710369044853,19.0712375198516,0,3
"soupx","previous_combined","REVO30-N4",13852,11366,10955,11176,10955,79.0860525555876,411,0,0,0,0,3588.8547,14.2963920768714,18.4639128103751,0,0
"soupx","previous_combined","REVO30-N10",14267,11543,11122,11357,11122,77.9561225205019,421,0,0,0,30,3964.5152,15,15.7583186763171,2,1
"soupx","previous_combined","REVO30-P10",17082,13040,12405,12876,12405,72.6203020723569,635,0,0,0,16,3644.3038,15,14.6016728710323,1,4
"soupx","previous_combined","REVO30-P4",13422,11053,10601,10827,10601,78.982267918343,452,0,0,0,24,3739.7516,15,17.1759066069644,0,1
"soupx","previous_combined","REVO31-C",10417,8572,8391,8521,8391,80.5510223672842,181,0,0,0,0,3766.5868,13.9598026596691,20.9587609593931,1,1
"soupx","previous_combined","REVO31-N4",11871,9616,9059,9204,9059,76.3120208912476,557,0,0,0,6,4500,15,16.2496348771799,1,0
"soupx","previous_combined","REVO31-N8",14242,11537,11184,11453,11184,78.5282965875579,353,0,0,0,34,4352.0096,15,18.1681518628358,0,1
"soupx","previous_combined","REVO31-P10",12643,10116,9410,9608,9410,74.4285375306494,706,0,0,0,0,4341.0398,14.0893966332354,15.3167316840212,1,0
"soupx","previous_combined","REVO31-P4",13706,11292,10830,11106,10830,79.0164891288487,462,0,0,0,0,4227.6498,12.3480041088203,16.3901920221179,0,3
"soupx","independent_combined","REVO26-C",11604,9974,9802,9787,9606,82.7817993795243,380,12,208,12,12,4000,13.1730003455193,21.4178938605309,2,0
"soupx","independent_combined","REVO26-N4",12587,10615,10159,9653,9514,75.5859219829983,1101,0,645,0,4,4000,14.8086966430959,18.1207304724125,0,3
"soupx","independent_combined","REVO26-N10",15279,12275,11914,11449,11192,73.250867203351,1083,0,722,0,28,4000,14.3936734967471,17.6210579869996,2,1
"soupx","independent_combined","REVO26-P4",14596,12325,12143,12453,12146,83.2145793368046,182,3,0,3,3,3989.4315,12.8597019921588,19.9461837387413,0,0
"soupx","independent_combined","REVO26-P10",11899,10173,10001,10154,9949,83.6120682410287,224,0,52,0,1,4000,13.2629450601602,18.2178679002896,0,0
"soupx","independent_combined","REVO27-C",11245,9429,9024,9020,8876,78.932859048466,553,0,148,0,273,4000,15,20.41696767748,0,1
"soupx","independent_combined","REVO27-N4",11895,10224,9696,9267,9116,76.6372425388819,1108,0,580,0,212,4000,15,18.3215928261949,1,0
"soupx","independent_combined","REVO27-N10",12264,10045,9593,9171,9023,73.5730593607306,1022,0,570,0,134,4000,15,14.6060650954534,0,0
"soupx","independent_combined","REVO27-P4",12307,10505,10142,9899,9729,79.0525717071585,776,0,413,0,110,4000,15,16.6652568136033,1,0
"soupx","independent_combined","REVO27-P10",12805,10285,9713,9305,9135,71.3393205778993,1150,0,578,0,86,4000,15,14.272409474564,0,1
"soupx","independent_combined","REVO29-C",13952,11807,11092,11316,11092,79.5011467889908,715,0,0,0,571,3752.6912,15,20.915439255805,0,0
"soupx","independent_combined","REVO29-N4",10634,8860,8068,7419,7330,68.929847658454,1530,0,738,0,237,4000,15,16.4539090243878,0,1
"soupx","independent_combined","REVO29-P4",12991,11141,10573,10473,10272,79.0701254714803,869,0,301,0,400,4000,15,19.9187852524609,0,2
"soupx","independent_combined","REVO30-C",13833,11879,11533,11718,11497,83.1128460926769,384,2,38,2,2,4000,15,19.0712375198516,0,3
"soupx","independent_combined","REVO30-N4",13852,11366,10955,11157,10936,78.9488882471845,430,0,19,0,20,3588.8547,14.0245490340411,18.4639128103751,0,0
"soupx","independent_combined","REVO30-N10",14267,11543,11122,11357,11122,77.9561225205019,421,0,0,0,30,3964.5152,15,15.7583186763171,2,1
"soupx","independent_combined","REVO30-P10",17082,13040,12405,12876,12405,72.6203020723569,635,0,0,0,16,3644.3038,15,14.6016728710323,1,4
"soupx","independent_combined","REVO30-P4",13422,11053,10601,10827,10601,78.982267918343,452,0,0,0,24,3739.7516,15,17.1759066069644,0,1
"soupx","independent_combined","REVO31-C",10417,8572,8391,8514,8384,80.4838245176154,188,0,7,0,8,3766.5868,13.8335570851523,20.9587609593931,1,1
"soupx","independent_combined","REVO31-N4",11871,9616,9059,8653,8517,71.7462724286075,1099,0,542,0,16,4000,14.8623547198892,16.2496348771799,1,0
"soupx","independent_combined","REVO31-N8",14242,11537,11184,11100,10836,76.0848195478163,701,0,348,0,34,4000,15,18.1681518628358,0,1
"soupx","independent_combined","REVO31-P10",12643,10116,9410,9196,9003,71.2093648659337,1113,0,407,0,7,4000,14.0075081913753,15.3167316840212,1,0
"soupx","independent_combined","REVO31-P4",13706,11292,10830,10805,10536,76.871443163578,756,0,294,0,30,4000,12.1257840004044,16.3901920221179,0,3
