"cluster","sample","n_cells","resolution"
"0","REVO26-C",2839,0.1
"1","REVO26-C",693,0.1
"2","REVO26-C",393,0.1
"3","REVO26-C",1285,0.1
"4","REVO26-C",1085,0.1
"5","REVO26-C",917,0.1
"6","REVO26-C",336,0.1
"7","REVO26-C",263,0.1
"8","REVO26-C",268,0.1
"9","REVO26-C",465,0.1
"10","REVO26-C",204,0.1
"11","REVO26-C",279,0.1
"12","REVO26-C",612,0.1
"13","REVO26-C",107,0.1
"14","REVO26-C",137,0.1
"15","REVO26-C",126,0.1
"16","REVO26-C",115,0.1
"17","REVO26-C",60,0.1
"18","REVO26-C",76,0.1
"19","REVO26-C",21,0.1
"20","REVO26-C",23,0.1
"21","REVO26-C",23,0.1
"22","REVO26-C",30,0.1
"23","REVO26-C",25,0.1
"24","REVO26-C",4,0.1
"25","REVO26-C",11,0.1
"0","REVO26-N10",3496,0.1
"1","REVO26-N10",1516,0.1
"2","REVO26-N10",1555,0.1
"3","REVO26-N10",731,0.1
"4","REVO26-N10",842,0.1
"5","REVO26-N10",1023,0.1
"6","REVO26-N10",772,0.1
"7","REVO26-N10",404,0.1
"8","REVO26-N10",506,0.1
"9","REVO26-N10",388,0.1
"10","REVO26-N10",201,0.1
"11","REVO26-N10",526,0.1
"12","REVO26-N10",39,0.1
"13","REVO26-N10",103,0.1
"14","REVO26-N10",254,0.1
"15","REVO26-N10",176,0.1
"16","REVO26-N10",83,0.1
"17","REVO26-N10",82,0.1
"18","REVO26-N10",22,0.1
"19","REVO26-N10",62,0.1
"20","REVO26-N10",28,0.1
"21","REVO26-N10",49,0.1
"22","REVO26-N10",36,0.1
"23","REVO26-N10",23,0.1
"24","REVO26-N10",1,0.1
"25","REVO26-N10",1,0.1
"0","REVO26-N4",2459,0.1
"1","REVO26-N4",1966,0.1
"2","REVO26-N4",543,0.1
"3","REVO26-N4",737,0.1
"4","REVO26-N4",648,0.1
"5","REVO26-N4",1012,0.1
"6","REVO26-N4",378,0.1
"7","REVO26-N4",523,0.1
"8","REVO26-N4",629,0.1
"9","REVO26-N4",284,0.1
"10","REVO26-N4",181,0.1
"11","REVO26-N4",501,0.1
"12","REVO26-N4",423,0.1
"13","REVO26-N4",32,0.1
"14","REVO26-N4",166,0.1
"15","REVO26-N4",269,0.1
"16","REVO26-N4",108,0.1
"17","REVO26-N4",72,0.1
"18","REVO26-N4",82,0.1
"19","REVO26-N4",32,0.1
"20","REVO26-N4",44,0.1
"21","REVO26-N4",30,0.1
"22","REVO26-N4",10,0.1
"23","REVO26-N4",16,0.1
"24","REVO26-N4",2,0.1
"25","REVO26-N4",1,0.1
"0","REVO26-P10",2574,0.1
"1","REVO26-P10",811,0.1
"2","REVO26-P10",2167,0.1
"3","REVO26-P10",653,0.1
"4","REVO26-P10",638,0.1
"5","REVO26-P10",838,0.1
"6","REVO26-P10",420,0.1
"7","REVO26-P10",177,0.1
"8","REVO26-P10",104,0.1
"9","REVO26-P10",725,0.1
"10","REVO26-P10",282,0.1
"11","REVO26-P10",187,0.1
"12","REVO26-P10",49,0.1
"13","REVO26-P10",361,0.1
"14","REVO26-P10",152,0.1
"15","REVO26-P10",129,0.1
"16","REVO26-P10",122,0.1
"17","REVO26-P10",59,0.1
"18","REVO26-P10",12,0.1
"19","REVO26-P10",96,0.1
"20","REVO26-P10",17,0.1
"21","REVO26-P10",57,0.1
"22","REVO26-P10",43,0.1
"23","REVO26-P10",24,0.1
"24","REVO26-P10",0,0.1
"25","REVO26-P10",0,0.1
"0","REVO26-P4",3680,0.1
"1","REVO26-P4",851,0.1
"2","REVO26-P4",600,0.1
"3","REVO26-P4",1389,0.1
"4","REVO26-P4",1105,0.1
"5","REVO26-P4",1560,0.1
"6","REVO26-P4",444,0.1
"7","REVO26-P4",465,0.1
"8","REVO26-P4",244,0.1
"9","REVO26-P4",495,0.1
"10","REVO26-P4",564,0.1
"11","REVO26-P4",306,0.1
"12","REVO26-P4",430,0.1
"13","REVO26-P4",108,0.1
"14","REVO26-P4",244,0.1
"15","REVO26-P4",152,0.1
"16","REVO26-P4",102,0.1
"17","REVO26-P4",107,0.1
"18","REVO26-P4",37,0.1
"19","REVO26-P4",70,0.1
"20","REVO26-P4",34,0.1
"21","REVO26-P4",38,0.1
"22","REVO26-P4",28,0.1
"23","REVO26-P4",37,0.1
"24","REVO26-P4",46,0.1
"25","REVO26-P4",2,0.1
"0","REVO27-C",3965,0.1
"1","REVO27-C",523,0.1
"2","REVO27-C",415,0.1
"3","REVO27-C",828,0.1
"4","REVO27-C",1072,0.1
"5","REVO27-C",478,0.1
"6","REVO27-C",258,0.1
"7","REVO27-C",586,0.1
"8","REVO27-C",90,0.1
"9","REVO27-C",285,0.1
"10","REVO27-C",150,0.1
"11","REVO27-C",121,0.1
"12","REVO27-C",375,0.1
"13","REVO27-C",23,0.1
"14","REVO27-C",93,0.1
"15","REVO27-C",80,0.1
"16","REVO27-C",189,0.1
"17","REVO27-C",115,0.1
"18","REVO27-C",129,0.1
"19","REVO27-C",87,0.1
"20","REVO27-C",19,0.1
"21","REVO27-C",38,0.1
"22","REVO27-C",18,0.1
"23","REVO27-C",10,0.1
"24","REVO27-C",1,0.1
"25","REVO27-C",5,0.1
"0","REVO27-N10",3043,0.1
"1","REVO27-N10",1258,0.1
"2","REVO27-N10",1815,0.1
"3","REVO27-N10",333,0.1
"4","REVO27-N10",414,0.1
"5","REVO27-N10",319,0.1
"6","REVO27-N10",508,0.1
"7","REVO27-N10",539,0.1
"8","REVO27-N10",425,0.1
"9","REVO27-N10",338,0.1
"10","REVO27-N10",179,0.1
"11","REVO27-N10",399,0.1
"12","REVO27-N10",5,0.1
"13","REVO27-N10",5,0.1
"14","REVO27-N10",174,0.1
"15","REVO27-N10",211,0.1
"16","REVO27-N10",172,0.1
"17","REVO27-N10",105,0.1
"18","REVO27-N10",50,0.1
"19","REVO27-N10",82,0.1
"20","REVO27-N10",79,0.1
"21","REVO27-N10",36,0.1
"22","REVO27-N10",16,0.1
"23","REVO27-N10",11,0.1
"24","REVO27-N10",0,0.1
"25","REVO27-N10",2,0.1
"0","REVO27-N4",3475,0.1
"1","REVO27-N4",1494,0.1
"2","REVO27-N4",422,0.1
"3","REVO27-N4",580,0.1
"4","REVO27-N4",782,0.1
"5","REVO27-N4",418,0.1
"6","REVO27-N4",322,0.1
"7","REVO27-N4",587,0.1
"8","REVO27-N4",599,0.1
"9","REVO27-N4",271,0.1
"10","REVO27-N4",133,0.1
"11","REVO27-N4",466,0.1
"12","REVO27-N4",318,0.1
"13","REVO27-N4",10,0.1
"14","REVO27-N4",151,0.1
"15","REVO27-N4",107,0.1
"16","REVO27-N4",162,0.1
"17","REVO27-N4",76,0.1
"18","REVO27-N4",50,0.1
"19","REVO27-N4",83,0.1
"20","REVO27-N4",59,0.1
"21","REVO27-N4",23,0.1
"22","REVO27-N4",10,0.1
"23","REVO27-N4",2,0.1
"24","REVO27-N4",3,0.1
"25","REVO27-N4",6,0.1
"0","REVO27-P10",3303,0.1
"1","REVO27-P10",1128,0.1
"2","REVO27-P10",1225,0.1
"3","REVO27-P10",428,0.1
"4","REVO27-P10",612,0.1
"5","REVO27-P10",423,0.1
"6","REVO27-P10",939,0.1
"7","REVO27-P10",484,0.1
"8","REVO27-P10",225,0.1
"9","REVO27-P10",241,0.1
"10","REVO27-P10",271,0.1
"11","REVO27-P10",265,0.1
"12","REVO27-P10",15,0.1
"13","REVO27-P10",95,0.1
"14","REVO27-P10",148,0.1
"15","REVO27-P10",187,0.1
"16","REVO27-P10",295,0.1
"17","REVO27-P10",161,0.1
"18","REVO27-P10",64,0.1
"19","REVO27-P10",141,0.1
"20","REVO27-P10",51,0.1
"21","REVO27-P10",37,0.1
"22","REVO27-P10",39,0.1
"23","REVO27-P10",12,0.1
"24","REVO27-P10",1,0.1
"25","REVO27-P10",2,0.1
"0","REVO27-P4",3641,0.1
"1","REVO27-P4",918,0.1
"2","REVO27-P4",812,0.1
"3","REVO27-P4",476,0.1
"4","REVO27-P4",740,0.1
"5","REVO27-P4",537,0.1
"6","REVO27-P4",352,0.1
"7","REVO27-P4",733,0.1
"8","REVO27-P4",324,0.1
"9","REVO27-P4",216,0.1
"10","REVO27-P4",363,0.1
"11","REVO27-P4",247,0.1
"12","REVO27-P4",215,0.1
"13","REVO27-P4",27,0.1
"14","REVO27-P4",228,0.1
"15","REVO27-P4",142,0.1
"16","REVO27-P4",444,0.1
"17","REVO27-P4",156,0.1
"18","REVO27-P4",106,0.1
"19","REVO27-P4",114,0.1
"20","REVO27-P4",44,0.1
"21","REVO27-P4",37,0.1
"22","REVO27-P4",12,0.1
"23","REVO27-P4",21,0.1
"24","REVO27-P4",5,0.1
"25","REVO27-P4",1,0.1
"0","REVO29-C",3833,0.1
"1","REVO29-C",772,0.1
"2","REVO29-C",451,0.1
"3","REVO29-C",1659,0.1
"4","REVO29-C",1376,0.1
"5","REVO29-C",989,0.1
"6","REVO29-C",502,0.1
"7","REVO29-C",428,0.1
"8","REVO29-C",143,0.1
"9","REVO29-C",353,0.1
"10","REVO29-C",310,0.1
"11","REVO29-C",177,0.1
"12","REVO29-C",553,0.1
"13","REVO29-C",131,0.1
"14","REVO29-C",177,0.1
"15","REVO29-C",80,0.1
"16","REVO29-C",72,0.1
"17","REVO29-C",69,0.1
"18","REVO29-C",81,0.1
"19","REVO29-C",10,0.1
"20","REVO29-C",49,0.1
"21","REVO29-C",57,0.1
"22","REVO29-C",52,0.1
"23","REVO29-C",18,0.1
"24","REVO29-C",13,0.1
"25","REVO29-C",2,0.1
"0","REVO29-N4",1879,0.1
"1","REVO29-N4",2704,0.1
"2","REVO29-N4",162,0.1
"3","REVO29-N4",661,0.1
"4","REVO29-N4",438,0.1
"5","REVO29-N4",471,0.1
"6","REVO29-N4",412,0.1
"7","REVO29-N4",671,0.1
"8","REVO29-N4",668,0.1
"9","REVO29-N4",187,0.1
"10","REVO29-N4",114,0.1
"11","REVO29-N4",194,0.1
"12","REVO29-N4",223,0.1
"13","REVO29-N4",2,0.1
"14","REVO29-N4",167,0.1
"15","REVO29-N4",195,0.1
"16","REVO29-N4",57,0.1
"17","REVO29-N4",34,0.1
"18","REVO29-N4",64,0.1
"19","REVO29-N4",7,0.1
"20","REVO29-N4",28,0.1
"21","REVO29-N4",38,0.1
"22","REVO29-N4",26,0.1
"23","REVO29-N4",5,0.1
"24","REVO29-N4",0,0.1
"25","REVO29-N4",1,0.1
"0","REVO29-P4",3534,0.1
"1","REVO29-P4",532,0.1
"2","REVO29-P4",403,0.1
"3","REVO29-P4",1265,0.1
"4","REVO29-P4",1016,0.1
"5","REVO29-P4",894,0.1
"6","REVO29-P4",545,0.1
"7","REVO29-P4",529,0.1
"8","REVO29-P4",371,0.1
"9","REVO29-P4",343,0.1
"10","REVO29-P4",534,0.1
"11","REVO29-P4",159,0.1
"12","REVO29-P4",309,0.1
"13","REVO29-P4",146,0.1
"14","REVO29-P4",214,0.1
"15","REVO29-P4",129,0.1
"16","REVO29-P4",145,0.1
"17","REVO29-P4",133,0.1
"18","REVO29-P4",68,0.1
"19","REVO29-P4",22,0.1
"20","REVO29-P4",27,0.1
"21","REVO29-P4",70,0.1
"22","REVO29-P4",104,0.1
"23","REVO29-P4",14,0.1
"24","REVO29-P4",1,0.1
"25","REVO29-P4",1,0.1
"0","REVO30-C",3549,0.1
"1","REVO30-C",1018,0.1
"2","REVO30-C",1241,0.1
"3","REVO30-C",1542,0.1
"4","REVO30-C",851,0.1
"5","REVO30-C",415,0.1
"6","REVO30-C",656,0.1
"7","REVO30-C",554,0.1
"8","REVO30-C",447,0.1
"9","REVO30-C",441,0.1
"10","REVO30-C",222,0.1
"11","REVO30-C",230,0.1
"12","REVO30-C",412,0.1
"13","REVO30-C",160,0.1
"14","REVO30-C",155,0.1
"15","REVO30-C",127,0.1
"16","REVO30-C",46,0.1
"17","REVO30-C",45,0.1
"18","REVO30-C",176,0.1
"19","REVO30-C",53,0.1
"20","REVO30-C",31,0.1
"21","REVO30-C",29,0.1
"22","REVO30-C",15,0.1
"23","REVO30-C",7,0.1
"24","REVO30-C",0,0.1
"25","REVO30-C",1,0.1
"0","REVO30-N10",3860,0.1
"1","REVO30-N10",1773,0.1
"2","REVO30-N10",1074,0.1
"3","REVO30-N10",483,0.1
"4","REVO30-N10",948,0.1
"5","REVO30-N10",455,0.1
"6","REVO30-N10",881,0.1
"7","REVO30-N10",304,0.1
"8","REVO30-N10",622,0.1
"9","REVO30-N10",315,0.1
"10","REVO30-N10",335,0.1
"11","REVO30-N10",413,0.1
"12","REVO30-N10",21,0.1
"13","REVO30-N10",335,0.1
"14","REVO30-N10",264,0.1
"15","REVO30-N10",191,0.1
"16","REVO30-N10",56,0.1
"17","REVO30-N10",38,0.1
"18","REVO30-N10",61,0.1
"19","REVO30-N10",42,0.1
"20","REVO30-N10",49,0.1
"21","REVO30-N10",37,0.1
"22","REVO30-N10",17,0.1
"23","REVO30-N10",16,0.1
"24","REVO30-N10",0,0.1
"25","REVO30-N10",1,0.1
"0","REVO30-N4",4511,0.1
"1","REVO30-N4",798,0.1
"2","REVO30-N4",432,0.1
"3","REVO30-N4",717,0.1
"4","REVO30-N4",859,0.1
"5","REVO30-N4",606,0.1
"6","REVO30-N4",652,0.1
"7","REVO30-N4",384,0.1
"8","REVO30-N4",663,0.1
"9","REVO30-N4",186,0.1
"10","REVO30-N4",282,0.1
"11","REVO30-N4",261,0.1
"12","REVO30-N4",304,0.1
"13","REVO30-N4",700,0.1
"14","REVO30-N4",188,0.1
"15","REVO30-N4",221,0.1
"16","REVO30-N4",79,0.1
"17","REVO30-N4",75,0.1
"18","REVO30-N4",127,0.1
"19","REVO30-N4",33,0.1
"20","REVO30-N4",30,0.1
"21","REVO30-N4",45,0.1
"22","REVO30-N4",56,0.1
"23","REVO30-N4",14,0.1
"24","REVO30-N4",3,0.1
"25","REVO30-N4",0,0.1
"0","REVO30-P10",4876,0.1
"1","REVO30-P10",1926,0.1
"2","REVO30-P10",1458,0.1
"3","REVO30-P10",626,0.1
"4","REVO30-P10",1130,0.1
"5","REVO30-P10",643,0.1
"6","REVO30-P10",970,0.1
"7","REVO30-P10",178,0.1
"8","REVO30-P10",170,0.1
"9","REVO30-P10",593,0.1
"10","REVO30-P10",382,0.1
"11","REVO30-P10",285,0.1
"12","REVO30-P10",5,0.1
"13","REVO30-P10",759,0.1
"14","REVO30-P10",132,0.1
"15","REVO30-P10",178,0.1
"16","REVO30-P10",44,0.1
"17","REVO30-P10",65,0.1
"18","REVO30-P10",51,0.1
"19","REVO30-P10",62,0.1
"20","REVO30-P10",37,0.1
"21","REVO30-P10",51,0.1
"22","REVO30-P10",34,0.1
"23","REVO30-P10",5,0.1
"24","REVO30-P10",1,0.1
"25","REVO30-P10",3,0.1
"0","REVO30-P4",4035,0.1
"1","REVO30-P4",931,0.1
"2","REVO30-P4",541,0.1
"3","REVO30-P4",710,0.1
"4","REVO30-P4",750,0.1
"5","REVO30-P4",478,0.1
"6","REVO30-P4",1099,0.1
"7","REVO30-P4",417,0.1
"8","REVO30-P4",635,0.1
"9","REVO30-P4",389,0.1
"10","REVO30-P4",430,0.1
"11","REVO30-P4",384,0.1
"12","REVO30-P4",238,0.1
"13","REVO30-P4",288,0.1
"14","REVO30-P4",209,0.1
"15","REVO30-P4",214,0.1
"16","REVO30-P4",35,0.1
"17","REVO30-P4",37,0.1
"18","REVO30-P4",61,0.1
"19","REVO30-P4",37,0.1
"20","REVO30-P4",35,0.1
"21","REVO30-P4",38,0.1
"22","REVO30-P4",9,0.1
"23","REVO30-P4",17,0.1
"24","REVO30-P4",1,0.1
"25","REVO30-P4",2,0.1
"0","REVO31-C",3591,0.1
"1","REVO31-C",697,0.1
"2","REVO31-C",544,0.1
"3","REVO31-C",816,0.1
"4","REVO31-C",724,0.1
"5","REVO31-C",426,0.1
"6","REVO31-C",361,0.1
"7","REVO31-C",218,0.1
"8","REVO31-C",154,0.1
"9","REVO31-C",382,0.1
"10","REVO31-C",232,0.1
"11","REVO31-C",173,0.1
"12","REVO31-C",159,0.1
"13","REVO31-C",113,0.1
"14","REVO31-C",93,0.1
"15","REVO31-C",54,0.1
"16","REVO31-C",126,0.1
"17","REVO31-C",70,0.1
"18","REVO31-C",52,0.1
"19","REVO31-C",46,0.1
"20","REVO31-C",27,0.1
"21","REVO31-C",25,0.1
"22","REVO31-C",23,0.1
"23","REVO31-C",10,0.1
"24","REVO31-C",4,0.1
"25","REVO31-C",1,0.1
"0","REVO31-N4",3123,0.1
"1","REVO31-N4",1518,0.1
"2","REVO31-N4",586,0.1
"3","REVO31-N4",518,0.1
"4","REVO31-N4",393,0.1
"5","REVO31-N4",360,0.1
"6","REVO31-N4",554,0.1
"7","REVO31-N4",504,0.1
"8","REVO31-N4",832,0.1
"9","REVO31-N4",232,0.1
"10","REVO31-N4",162,0.1
"11","REVO31-N4",268,0.1
"12","REVO31-N4",93,0.1
"13","REVO31-N4",70,0.1
"14","REVO31-N4",184,0.1
"15","REVO31-N4",209,0.1
"16","REVO31-N4",184,0.1
"17","REVO31-N4",50,0.1
"18","REVO31-N4",49,0.1
"19","REVO31-N4",32,0.1
"20","REVO31-N4",30,0.1
"21","REVO31-N4",22,0.1
"22","REVO31-N4",33,0.1
"23","REVO31-N4",18,0.1
"24","REVO31-N4",0,0.1
"25","REVO31-N4",3,0.1
"0","REVO31-N8",3795,0.1
"1","REVO31-N8",1161,0.1
"2","REVO31-N8",1368,0.1
"3","REVO31-N8",464,0.1
"4","REVO31-N8",431,0.1
"5","REVO31-N8",450,0.1
"6","REVO31-N8",852,0.1
"7","REVO31-N8",315,0.1
"8","REVO31-N8",336,0.1
"9","REVO31-N8",488,0.1
"10","REVO31-N8",398,0.1
"11","REVO31-N8",268,0.1
"12","REVO31-N8",22,0.1
"13","REVO31-N8",612,0.1
"14","REVO31-N8",190,0.1
"15","REVO31-N8",134,0.1
"16","REVO31-N8",230,0.1
"17","REVO31-N8",116,0.1
"18","REVO31-N8",32,0.1
"19","REVO31-N8",166,0.1
"20","REVO31-N8",30,0.1
"21","REVO31-N8",30,0.1
"22","REVO31-N8",141,0.1
"23","REVO31-N8",17,0.1
"24","REVO31-N8",0,0.1
"25","REVO31-N8",0,0.1
"0","REVO31-P10",3511,0.1
"1","REVO31-P10",2131,0.1
"2","REVO31-P10",1149,0.1
"3","REVO31-P10",497,0.1
"4","REVO31-P10",393,0.1
"5","REVO31-P10",389,0.1
"6","REVO31-P10",903,0.1
"7","REVO31-P10",190,0.1
"8","REVO31-P10",293,0.1
"9","REVO31-P10",308,0.1
"10","REVO31-P10",227,0.1
"11","REVO31-P10",213,0.1
"12","REVO31-P10",12,0.1
"13","REVO31-P10",14,0.1
"14","REVO31-P10",118,0.1
"15","REVO31-P10",128,0.1
"16","REVO31-P10",125,0.1
"17","REVO31-P10",58,0.1
"18","REVO31-P10",36,0.1
"19","REVO31-P10",35,0.1
"20","REVO31-P10",32,0.1
"21","REVO31-P10",33,0.1
"22","REVO31-P10",6,0.1
"23","REVO31-P10",5,0.1
"24","REVO31-P10",0,0.1
"25","REVO31-P10",4,0.1
"0","REVO31-P4",4135,0.1
"1","REVO31-P4",1621,0.1
"2","REVO31-P4",628,0.1
"3","REVO31-P4",897,0.1
"4","REVO31-P4",599,0.1
"5","REVO31-P4",550,0.1
"6","REVO31-P4",823,0.1
"7","REVO31-P4",439,0.1
"8","REVO31-P4",244,0.1
"9","REVO31-P4",370,0.1
"10","REVO31-P4",447,0.1
"11","REVO31-P4",267,0.1
"12","REVO31-P4",121,0.1
"13","REVO31-P4",36,0.1
"14","REVO31-P4",192,0.1
"15","REVO31-P4",183,0.1
"16","REVO31-P4",140,0.1
"17","REVO31-P4",88,0.1
"18","REVO31-P4",64,0.1
"19","REVO31-P4",71,0.1
"20","REVO31-P4",49,0.1
"21","REVO31-P4",25,0.1
"22","REVO31-P4",13,0.1
"23","REVO31-P4",14,0.1
"24","REVO31-P4",1,0.1
"25","REVO31-P4",3,0.1
"0","REVO26-C",1624,0.2
"1","REVO26-C",673,0.2
"2","REVO26-C",997,0.2
"3","REVO26-C",336,0.2
"4","REVO26-C",1093,0.2
"5","REVO26-C",1136,0.2
"6","REVO26-C",929,0.2
"7","REVO26-C",230,0.2
"8","REVO26-C",267,0.2
"9","REVO26-C",466,0.2
"10","REVO26-C",204,0.2
"11","REVO26-C",279,0.2
"12","REVO26-C",136,0.2
"13","REVO26-C",612,0.2
"14","REVO26-C",170,0.2
"15","REVO26-C",107,0.2
"16","REVO26-C",142,0.2
"17","REVO26-C",257,0.2
"18","REVO26-C",127,0.2
"19","REVO26-C",126,0.2
"20","REVO26-C",115,0.2
"21","REVO26-C",66,0.2
"22","REVO26-C",74,0.2
"23","REVO26-C",21,0.2
"24","REVO26-C",58,0.2
"25","REVO26-C",23,0.2
"26","REVO26-C",31,0.2
"27","REVO26-C",19,0.2
"28","REVO26-C",30,0.2
"29","REVO26-C",9,0.2
"30","REVO26-C",25,0.2
"31","REVO26-C",4,0.2
"32","REVO26-C",11,0.2
"0","REVO26-N10",1762,0.2
"1","REVO26-N10",1484,0.2
"2","REVO26-N10",1527,0.2
"3","REVO26-N10",1468,0.2
"4","REVO26-N10",844,0.2
"5","REVO26-N10",679,0.2
"6","REVO26-N10",1039,0.2
"7","REVO26-N10",466,0.2
"8","REVO26-N10",505,0.2
"9","REVO26-N10",388,0.2
"10","REVO26-N10",201,0.2
"11","REVO26-N10",526,0.2
"12","REVO26-N10",315,0.2
"13","REVO26-N10",39,0.2
"14","REVO26-N10",178,0.2
"15","REVO26-N10",103,0.2
"16","REVO26-N10",257,0.2
"17","REVO26-N10",356,0.2
"18","REVO26-N10",89,0.2
"19","REVO26-N10",176,0.2
"20","REVO26-N10",83,0.2
"21","REVO26-N10",89,0.2
"22","REVO26-N10",22,0.2
"23","REVO26-N10",62,0.2
"24","REVO26-N10",88,0.2
"25","REVO26-N10",28,0.2
"26","REVO26-N10",24,0.2
"27","REVO26-N10",49,0.2
"28","REVO26-N10",36,0.2
"29","REVO26-N10",11,0.2
"30","REVO26-N10",23,0.2
"31","REVO26-N10",1,0.2
"32","REVO26-N10",1,0.2
"0","REVO26-N4",1262,0.2
"1","REVO26-N4",1943,0.2
"2","REVO26-N4",982,0.2
"3","REVO26-N4",480,0.2
"4","REVO26-N4",650,0.2
"5","REVO26-N4",676,0.2
"6","REVO26-N4",1018,0.2
"7","REVO26-N4",242,0.2
"8","REVO26-N4",627,0.2
"9","REVO26-N4",284,0.2
"10","REVO26-N4",183,0.2
"11","REVO26-N4",505,0.2
"12","REVO26-N4",346,0.2
"13","REVO26-N4",423,0.2
"14","REVO26-N4",184,0.2
"15","REVO26-N4",32,0.2
"16","REVO26-N4",168,0.2
"17","REVO26-N4",195,0.2
"18","REVO26-N4",177,0.2
"19","REVO26-N4",271,0.2
"20","REVO26-N4",108,0.2
"21","REVO26-N4",80,0.2
"22","REVO26-N4",82,0.2
"23","REVO26-N4",32,0.2
"24","REVO26-N4",65,0.2
"25","REVO26-N4",44,0.2
"26","REVO26-N4",22,0.2
"27","REVO26-N4",30,0.2
"28","REVO26-N4",10,0.2
"29","REVO26-N4",8,0.2
"30","REVO26-N4",16,0.2
"31","REVO26-N4",2,0.2
"32","REVO26-N4",1,0.2
"0","REVO26-P10",1536,0.2
"1","REVO26-P10",774,0.2
"2","REVO26-P10",945,0.2
"3","REVO26-P10",2081,0.2
"4","REVO26-P10",640,0.2
"5","REVO26-P10",632,0.2
"6","REVO26-P10",845,0.2
"7","REVO26-P10",303,0.2
"8","REVO26-P10",104,0.2
"9","REVO26-P10",725,0.2
"10","REVO26-P10",282,0.2
"11","REVO26-P10",187,0.2
"12","REVO26-P10",107,0.2
"13","REVO26-P10",49,0.2
"14","REVO26-P10",86,0.2
"15","REVO26-P10",361,0.2
"16","REVO26-P10",152,0.2
"17","REVO26-P10",139,0.2
"18","REVO26-P10",71,0.2
"19","REVO26-P10",129,0.2
"20","REVO26-P10",122,0.2
"21","REVO26-P10",63,0.2
"22","REVO26-P10",12,0.2
"23","REVO26-P10",96,0.2
"24","REVO26-P10",85,0.2
"25","REVO26-P10",17,0.2
"26","REVO26-P10",11,0.2
"27","REVO26-P10",57,0.2
"28","REVO26-P10",43,0.2
"29","REVO26-P10",19,0.2
"30","REVO26-P10",24,0.2
"31","REVO26-P10",0,0.2
"32","REVO26-P10",0,0.2
"0","REVO26-P4",2210,0.2
"1","REVO26-P4",834,0.2
"2","REVO26-P4",1223,0.2
"3","REVO26-P4",521,0.2
"4","REVO26-P4",1107,0.2
"5","REVO26-P4",1269,0.2
"6","REVO26-P4",1580,0.2
"7","REVO26-P4",316,0.2
"8","REVO26-P4",243,0.2
"9","REVO26-P4",497,0.2
"10","REVO26-P4",567,0.2
"11","REVO26-P4",306,0.2
"12","REVO26-P4",285,0.2
"13","REVO26-P4",430,0.2
"14","REVO26-P4",184,0.2
"15","REVO26-P4",108,0.2
"16","REVO26-P4",247,0.2
"17","REVO26-P4",246,0.2
"18","REVO26-P4",181,0.2
"19","REVO26-P4",152,0.2
"20","REVO26-P4",102,0.2
"21","REVO26-P4",120,0.2
"22","REVO26-P4",37,0.2
"23","REVO26-P4",70,0.2
"24","REVO26-P4",80,0.2
"25","REVO26-P4",36,0.2
"26","REVO26-P4",33,0.2
"27","REVO26-P4",38,0.2
"28","REVO26-P4",28,0.2
"29","REVO26-P4",3,0.2
"30","REVO26-P4",37,0.2
"31","REVO26-P4",46,0.2
"32","REVO26-P4",2,0.2
"0","REVO27-C",2461,0.2
"1","REVO27-C",515,0.2
"2","REVO27-C",1165,0.2
"3","REVO27-C",335,0.2
"4","REVO27-C",1078,0.2
"5","REVO27-C",743,0.2
"6","REVO27-C",485,0.2
"7","REVO27-C",189,0.2
"8","REVO27-C",90,0.2
"9","REVO27-C",285,0.2
"10","REVO27-C",150,0.2
"11","REVO27-C",121,0.2
"12","REVO27-C",358,0.2
"13","REVO27-C",375,0.2
"14","REVO27-C",287,0.2
"15","REVO27-C",23,0.2
"16","REVO27-C",93,0.2
"17","REVO27-C",158,0.2
"18","REVO27-C",228,0.2
"19","REVO27-C",80,0.2
"20","REVO27-C",189,0.2
"21","REVO27-C",126,0.2
"22","REVO27-C",128,0.2
"23","REVO27-C",87,0.2
"24","REVO27-C",80,0.2
"25","REVO27-C",19,0.2
"26","REVO27-C",27,0.2
"27","REVO27-C",38,0.2
"28","REVO27-C",18,0.2
"29","REVO27-C",6,0.2
"30","REVO27-C",10,0.2
"31","REVO27-C",1,0.2
"32","REVO27-C",5,0.2
"0","REVO27-N10",1711,0.2
"1","REVO27-N10",1139,0.2
"2","REVO27-N10",1047,0.2
"3","REVO27-N10",1741,0.2
"4","REVO27-N10",418,0.2
"5","REVO27-N10",317,0.2
"6","REVO27-N10",321,0.2
"7","REVO27-N10",278,0.2
"8","REVO27-N10",424,0.2
"9","REVO27-N10",338,0.2
"10","REVO27-N10",179,0.2
"11","REVO27-N10",402,0.2
"12","REVO27-N10",420,0.2
"13","REVO27-N10",5,0.2
"14","REVO27-N10",281,0.2
"15","REVO27-N10",5,0.2
"16","REVO27-N10",174,0.2
"17","REVO27-N10",248,0.2
"18","REVO27-N10",119,0.2
"19","REVO27-N10",211,0.2
"20","REVO27-N10",172,0.2
"21","REVO27-N10",115,0.2
"22","REVO27-N10",49,0.2
"23","REVO27-N10",82,0.2
"24","REVO27-N10",75,0.2
"25","REVO27-N10",79,0.2
"26","REVO27-N10",15,0.2
"27","REVO27-N10",36,0.2
"28","REVO27-N10",16,0.2
"29","REVO27-N10",88,0.2
"30","REVO27-N10",11,0.2
"31","REVO27-N10",0,0.2
"32","REVO27-N10",2,0.2
"0","REVO27-N4",1860,0.2
"1","REVO27-N4",1480,0.2
"2","REVO27-N4",1311,0.2
"3","REVO27-N4",356,0.2
"4","REVO27-N4",782,0.2
"5","REVO27-N4",539,0.2
"6","REVO27-N4",424,0.2
"7","REVO27-N4",237,0.2
"8","REVO27-N4",597,0.2
"9","REVO27-N4",271,0.2
"10","REVO27-N4",134,0.2
"11","REVO27-N4",468,0.2
"12","REVO27-N4",338,0.2
"13","REVO27-N4",318,0.2
"14","REVO27-N4",278,0.2
"15","REVO27-N4",10,0.2
"16","REVO27-N4",154,0.2
"17","REVO27-N4",123,0.2
"18","REVO27-N4",252,0.2
"19","REVO27-N4",107,0.2
"20","REVO27-N4",162,0.2
"21","REVO27-N4",81,0.2
"22","REVO27-N4",50,0.2
"23","REVO27-N4",84,0.2
"24","REVO27-N4",67,0.2
"25","REVO27-N4",60,0.2
"26","REVO27-N4",15,0.2
"27","REVO27-N4",22,0.2
"28","REVO27-N4",10,0.2
"29","REVO27-N4",8,0.2
"30","REVO27-N4",2,0.2
"31","REVO27-N4",3,0.2
"32","REVO27-N4",6,0.2
"0","REVO27-P10",1799,0.2
"1","REVO27-P10",1101,0.2
"2","REVO27-P10",1274,0.2
"3","REVO27-P10",1186,0.2
"4","REVO27-P10",614,0.2
"5","REVO27-P10",360,0.2
"6","REVO27-P10",425,0.2
"7","REVO27-P10",779,0.2
"8","REVO27-P10",224,0.2
"9","REVO27-P10",242,0.2
"10","REVO27-P10",271,0.2
"11","REVO27-P10",265,0.2
"12","REVO27-P10",387,0.2
"13","REVO27-P10",15,0.2
"14","REVO27-P10",216,0.2
"15","REVO27-P10",95,0.2
"16","REVO27-P10",153,0.2
"17","REVO27-P10",225,0.2
"18","REVO27-P10",97,0.2
"19","REVO27-P10",187,0.2
"20","REVO27-P10",295,0.2
"21","REVO27-P10",169,0.2
"22","REVO27-P10",64,0.2
"23","REVO27-P10",142,0.2
"24","REVO27-P10",40,0.2
"25","REVO27-P10",52,0.2
"26","REVO27-P10",15,0.2
"27","REVO27-P10",35,0.2
"28","REVO27-P10",40,0.2
"29","REVO27-P10",10,0.2
"30","REVO27-P10",12,0.2
"31","REVO27-P10",1,0.2
"32","REVO27-P10",2,0.2
"0","REVO27-P4",2307,0.2
"1","REVO27-P4",881,0.2
"2","REVO27-P4",1154,0.2
"3","REVO27-P4",754,0.2
"4","REVO27-P4",741,0.2
"5","REVO27-P4",429,0.2
"6","REVO27-P4",544,0.2
"7","REVO27-P4",272,0.2
"8","REVO27-P4",321,0.2
"9","REVO27-P4",216,0.2
"10","REVO27-P4",365,0.2
"11","REVO27-P4",252,0.2
"12","REVO27-P4",504,0.2
"13","REVO27-P4",215,0.2
"14","REVO27-P4",159,0.2
"15","REVO27-P4",27,0.2
"16","REVO27-P4",230,0.2
"17","REVO27-P4",127,0.2
"18","REVO27-P4",229,0.2
"19","REVO27-P4",143,0.2
"20","REVO27-P4",444,0.2
"21","REVO27-P4",166,0.2
"22","REVO27-P4",105,0.2
"23","REVO27-P4",115,0.2
"24","REVO27-P4",61,0.2
"25","REVO27-P4",44,0.2
"26","REVO27-P4",13,0.2
"27","REVO27-P4",35,0.2
"28","REVO27-P4",12,0.2
"29","REVO27-P4",19,0.2
"30","REVO27-P4",21,0.2
"31","REVO27-P4",5,0.2
"32","REVO27-P4",1,0.2
"0","REVO29-C",2603,0.2
"1","REVO29-C",637,0.2
"2","REVO29-C",895,0.2
"3","REVO29-C",411,0.2
"4","REVO29-C",1386,0.2
"5","REVO29-C",1560,0.2
"6","REVO29-C",1000,0.2
"7","REVO29-C",446,0.2
"8","REVO29-C",143,0.2
"9","REVO29-C",353,0.2
"10","REVO29-C",310,0.2
"11","REVO29-C",177,0.2
"12","REVO29-C",200,0.2
"13","REVO29-C",553,0.2
"14","REVO29-C",266,0.2
"15","REVO29-C",131,0.2
"16","REVO29-C",181,0.2
"17","REVO29-C",154,0.2
"18","REVO29-C",228,0.2
"19","REVO29-C",80,0.2
"20","REVO29-C",72,0.2
"21","REVO29-C",82,0.2
"22","REVO29-C",79,0.2
"23","REVO29-C",11,0.2
"24","REVO29-C",40,0.2
"25","REVO29-C",49,0.2
"26","REVO29-C",51,0.2
"27","REVO29-C",54,0.2
"28","REVO29-C",52,0.2
"29","REVO29-C",120,0.2
"30","REVO29-C",18,0.2
"31","REVO29-C",13,0.2
"32","REVO29-C",2,0.2
"0","REVO29-N4",986,0.2
"1","REVO29-N4",2688,0.2
"2","REVO29-N4",680,0.2
"3","REVO29-N4",117,0.2
"4","REVO29-N4",440,0.2
"5","REVO29-N4",630,0.2
"6","REVO29-N4",473,0.2
"7","REVO29-N4",345,0.2
"8","REVO29-N4",667,0.2
"9","REVO29-N4",187,0.2
"10","REVO29-N4",114,0.2
"11","REVO29-N4",194,0.2
"12","REVO29-N4",437,0.2
"13","REVO29-N4",223,0.2
"14","REVO29-N4",181,0.2
"15","REVO29-N4",2,0.2
"16","REVO29-N4",169,0.2
"17","REVO29-N4",96,0.2
"18","REVO29-N4",234,0.2
"19","REVO29-N4",195,0.2
"20","REVO29-N4",57,0.2
"21","REVO29-N4",40,0.2
"22","REVO29-N4",64,0.2
"23","REVO29-N4",7,0.2
"24","REVO29-N4",47,0.2
"25","REVO29-N4",28,0.2
"26","REVO29-N4",25,0.2
"27","REVO29-N4",38,0.2
"28","REVO29-N4",26,0.2
"29","REVO29-N4",12,0.2
"30","REVO29-N4",5,0.2
"31","REVO29-N4",0,0.2
"32","REVO29-N4",1,0.2
"0","REVO29-P4",2138,0.2
"1","REVO29-P4",522,0.2
"2","REVO29-P4",1132,0.2
"3","REVO29-P4",350,0.2
"4","REVO29-P4",1019,0.2
"5","REVO29-P4",1164,0.2
"6","REVO29-P4",908,0.2
"7","REVO29-P4",482,0.2
"8","REVO29-P4",371,0.2
"9","REVO29-P4",343,0.2
"10","REVO29-P4",536,0.2
"11","REVO29-P4",160,0.2
"12","REVO29-P4",303,0.2
"13","REVO29-P4",309,0.2
"14","REVO29-P4",190,0.2
"15","REVO29-P4",146,0.2
"16","REVO29-P4",214,0.2
"17","REVO29-P4",166,0.2
"18","REVO29-P4",226,0.2
"19","REVO29-P4",129,0.2
"20","REVO29-P4",145,0.2
"21","REVO29-P4",144,0.2
"22","REVO29-P4",68,0.2
"23","REVO29-P4",22,0.2
"24","REVO29-P4",53,0.2
"25","REVO29-P4",27,0.2
"26","REVO29-P4",50,0.2
"27","REVO29-P4",70,0.2
"28","REVO29-P4",104,0.2
"29","REVO29-P4",1,0.2
"30","REVO29-P4",14,0.2
"31","REVO29-P4",1,0.2
"32","REVO29-P4",1,0.2
"0","REVO30-C",2211,0.2
"1","REVO30-C",852,0.2
"2","REVO30-C",1092,0.2
"3","REVO30-C",1134,0.2
"4","REVO30-C",858,0.2
"5","REVO30-C",1393,0.2
"6","REVO30-C",426,0.2
"7","REVO30-C",559,0.2
"8","REVO30-C",445,0.2
"9","REVO30-C",442,0.2
"10","REVO30-C",222,0.2
"11","REVO30-C",230,0.2
"12","REVO30-C",332,0.2
"13","REVO30-C",412,0.2
"14","REVO30-C",175,0.2
"15","REVO30-C",160,0.2
"16","REVO30-C",157,0.2
"17","REVO30-C",245,0.2
"18","REVO30-C",224,0.2
"19","REVO30-C",127,0.2
"20","REVO30-C",46,0.2
"21","REVO30-C",52,0.2
"22","REVO30-C",176,0.2
"23","REVO30-C",54,0.2
"24","REVO30-C",107,0.2
"25","REVO30-C",31,0.2
"26","REVO30-C",61,0.2
"27","REVO30-C",28,0.2
"28","REVO30-C",15,0.2
"29","REVO30-C",149,0.2
"30","REVO30-C",7,0.2
"31","REVO30-C",0,0.2
"32","REVO30-C",1,0.2
"0","REVO30-N10",2549,0.2
"1","REVO30-N10",1691,0.2
"2","REVO30-N10",1170,0.2
"3","REVO30-N10",1047,0.2
"4","REVO30-N10",954,0.2
"5","REVO30-N10",462,0.2
"6","REVO30-N10",467,0.2
"7","REVO30-N10",838,0.2
"8","REVO30-N10",622,0.2
"9","REVO30-N10",315,0.2
"10","REVO30-N10",335,0.2
"11","REVO30-N10",415,0.2
"12","REVO30-N10",232,0.2
"13","REVO30-N10",21,0.2
"14","REVO30-N10",100,0.2
"15","REVO30-N10",335,0.2
"16","REVO30-N10",267,0.2
"17","REVO30-N10",60,0.2
"18","REVO30-N10",72,0.2
"19","REVO30-N10",191,0.2
"20","REVO30-N10",56,0.2
"21","REVO30-N10",45,0.2
"22","REVO30-N10",61,0.2
"23","REVO30-N10",42,0.2
"24","REVO30-N10",28,0.2
"25","REVO30-N10",49,0.2
"26","REVO30-N10",45,0.2
"27","REVO30-N10",37,0.2
"28","REVO30-N10",17,0.2
"29","REVO30-N10",51,0.2
"30","REVO30-N10",16,0.2
"31","REVO30-N10",0,0.2
"32","REVO30-N10",1,0.2
"0","REVO30-N4",3049,0.2
"1","REVO30-N4",785,0.2
"2","REVO30-N4",1222,0.2
"3","REVO30-N4",385,0.2
"4","REVO30-N4",868,0.2
"5","REVO30-N4",692,0.2
"6","REVO30-N4",618,0.2
"7","REVO30-N4",615,0.2
"8","REVO30-N4",663,0.2
"9","REVO30-N4",186,0.2
"10","REVO30-N4",285,0.2
"11","REVO30-N4",264,0.2
"12","REVO30-N4",207,0.2
"13","REVO30-N4",304,0.2
"14","REVO30-N4",152,0.2
"15","REVO30-N4",700,0.2
"16","REVO30-N4",193,0.2
"17","REVO30-N4",58,0.2
"18","REVO30-N4",178,0.2
"19","REVO30-N4",221,0.2
"20","REVO30-N4",77,0.2
"21","REVO30-N4",81,0.2
"22","REVO30-N4",127,0.2
"23","REVO30-N4",33,0.2
"24","REVO30-N4",47,0.2
"25","REVO30-N4",30,0.2
"26","REVO30-N4",64,0.2
"27","REVO30-N4",44,0.2
"28","REVO30-N4",56,0.2
"29","REVO30-N4",5,0.2
"30","REVO30-N4",14,0.2
"31","REVO30-N4",3,0.2
"32","REVO30-N4",0,0.2
"0","REVO30-P10",3458,0.2
"1","REVO30-P10",1889,0.2
"2","REVO30-P10",1217,0.2
"3","REVO30-P10",1429,0.2
"4","REVO30-P10",1134,0.2
"5","REVO30-P10",615,0.2
"6","REVO30-P10",653,0.2
"7","REVO30-P10",868,0.2
"8","REVO30-P10",171,0.2
"9","REVO30-P10",593,0.2
"10","REVO30-P10",384,0.2
"11","REVO30-P10",288,0.2
"12","REVO30-P10",113,0.2
"13","REVO30-P10",5,0.2
"14","REVO30-P10",129,0.2
"15","REVO30-P10",759,0.2
"16","REVO30-P10",136,0.2
"17","REVO30-P10",113,0.2
"18","REVO30-P10",65,0.2
"19","REVO30-P10",178,0.2
"20","REVO30-P10",44,0.2
"21","REVO30-P10",74,0.2
"22","REVO30-P10",51,0.2
"23","REVO30-P10",62,0.2
"24","REVO30-P10",29,0.2
"25","REVO30-P10",37,0.2
"26","REVO30-P10",78,0.2
"27","REVO30-P10",48,0.2
"28","REVO30-P10",34,0.2
"29","REVO30-P10",1,0.2
"30","REVO30-P10",5,0.2
"31","REVO30-P10",1,0.2
"32","REVO30-P10",3,0.2
"0","REVO30-P4",2805,0.2
"1","REVO30-P4",902,0.2
"2","REVO30-P4",1065,0.2
"3","REVO30-P4",505,0.2
"4","REVO30-P4",754,0.2
"5","REVO30-P4",688,0.2
"6","REVO30-P4",488,0.2
"7","REVO30-P4",1045,0.2
"8","REVO30-P4",635,0.2
"9","REVO30-P4",389,0.2
"10","REVO30-P4",434,0.2
"11","REVO30-P4",388,0.2
"12","REVO30-P4",253,0.2
"13","REVO30-P4",238,0.2
"14","REVO30-P4",90,0.2
"15","REVO30-P4",288,0.2
"16","REVO30-P4",212,0.2
"17","REVO30-P4",77,0.2
"18","REVO30-P4",164,0.2
"19","REVO30-P4",215,0.2
"20","REVO30-P4",35,0.2
"21","REVO30-P4",51,0.2
"22","REVO30-P4",60,0.2
"23","REVO30-P4",37,0.2
"24","REVO30-P4",37,0.2
"25","REVO30-P4",36,0.2
"26","REVO30-P4",60,0.2
"27","REVO30-P4",37,0.2
"28","REVO30-P4",9,0.2
"29","REVO30-P4",3,0.2
"30","REVO30-P4",17,0.2
"31","REVO30-P4",1,0.2
"32","REVO30-P4",2,0.2
"0","REVO31-C",2360,0.2
"1","REVO31-C",669,0.2
"2","REVO31-C",914,0.2
"3","REVO31-C",504,0.2
"4","REVO31-C",732,0.2
"5","REVO31-C",784,0.2
"6","REVO31-C",432,0.2
"7","REVO31-C",306,0.2
"8","REVO31-C",154,0.2
"9","REVO31-C",382,0.2
"10","REVO31-C",234,0.2
"11","REVO31-C",173,0.2
"12","REVO31-C",92,0.2
"13","REVO31-C",159,0.2
"14","REVO31-C",254,0.2
"15","REVO31-C",113,0.2
"16","REVO31-C",95,0.2
"17","REVO31-C",88,0.2
"18","REVO31-C",126,0.2
"19","REVO31-C",54,0.2
"20","REVO31-C",126,0.2
"21","REVO31-C",75,0.2
"22","REVO31-C",50,0.2
"23","REVO31-C",46,0.2
"24","REVO31-C",40,0.2
"25","REVO31-C",27,0.2
"26","REVO31-C",65,0.2
"27","REVO31-C",24,0.2
"28","REVO31-C",23,0.2
"29","REVO31-C",5,0.2
"30","REVO31-C",10,0.2
"31","REVO31-C",4,0.2
"32","REVO31-C",1,0.2
"0","REVO31-N4",1831,0.2
"1","REVO31-N4",1479,0.2
"2","REVO31-N4",1110,0.2
"3","REVO31-N4",527,0.2
"4","REVO31-N4",390,0.2
"5","REVO31-N4",510,0.2
"6","REVO31-N4",363,0.2
"7","REVO31-N4",475,0.2
"8","REVO31-N4",831,0.2
"9","REVO31-N4",232,0.2
"10","REVO31-N4",163,0.2
"11","REVO31-N4",268,0.2
"12","REVO31-N4",354,0.2
"13","REVO31-N4",92,0.2
"14","REVO31-N4",157,0.2
"15","REVO31-N4",70,0.2
"16","REVO31-N4",191,0.2
"17","REVO31-N4",85,0.2
"18","REVO31-N4",153,0.2
"19","REVO31-N4",209,0.2
"20","REVO31-N4",184,0.2
"21","REVO31-N4",55,0.2
"22","REVO31-N4",49,0.2
"23","REVO31-N4",32,0.2
"24","REVO31-N4",60,0.2
"25","REVO31-N4",30,0.2
"26","REVO31-N4",38,0.2
"27","REVO31-N4",17,0.2
"28","REVO31-N4",33,0.2
"29","REVO31-N4",18,0.2
"30","REVO31-N4",18,0.2
"31","REVO31-N4",0,0.2
"32","REVO31-N4",3,0.2
"0","REVO31-N8",2361,0.2
"1","REVO31-N8",1133,0.2
"2","REVO31-N8",1246,0.2
"3","REVO31-N8",1320,0.2
"4","REVO31-N8",435,0.2
"5","REVO31-N8",449,0.2
"6","REVO31-N8",453,0.2
"7","REVO31-N8",713,0.2
"8","REVO31-N8",336,0.2
"9","REVO31-N8",489,0.2
"10","REVO31-N8",400,0.2
"11","REVO31-N8",268,0.2
"12","REVO31-N8",201,0.2
"13","REVO31-N8",22,0.2
"14","REVO31-N8",165,0.2
"15","REVO31-N8",612,0.2
"16","REVO31-N8",191,0.2
"17","REVO31-N8",154,0.2
"18","REVO31-N8",114,0.2
"19","REVO31-N8",134,0.2
"20","REVO31-N8",230,0.2
"21","REVO31-N8",121,0.2
"22","REVO31-N8",32,0.2
"23","REVO31-N8",166,0.2
"24","REVO31-N8",49,0.2
"25","REVO31-N8",30,0.2
"26","REVO31-N8",30,0.2
"27","REVO31-N8",29,0.2
"28","REVO31-N8",141,0.2
"29","REVO31-N8",5,0.2
"30","REVO31-N8",17,0.2
"31","REVO31-N8",0,0.2
"32","REVO31-N8",0,0.2
"0","REVO31-P10",2271,0.2
"1","REVO31-P10",2097,0.2
"2","REVO31-P10",1075,0.2
"3","REVO31-P10",1089,0.2
"4","REVO31-P10",395,0.2
"5","REVO31-P10",484,0.2
"6","REVO31-P10",394,0.2
"7","REVO31-P10",763,0.2
"8","REVO31-P10",293,0.2
"9","REVO31-P10",308,0.2
"10","REVO31-P10",227,0.2
"11","REVO31-P10",213,0.2
"12","REVO31-P10",105,0.2
"13","REVO31-P10",12,0.2
"14","REVO31-P10",157,0.2
"15","REVO31-P10",14,0.2
"16","REVO31-P10",122,0.2
"17","REVO31-P10",154,0.2
"18","REVO31-P10",85,0.2
"19","REVO31-P10",128,0.2
"20","REVO31-P10",125,0.2
"21","REVO31-P10",63,0.2
"22","REVO31-P10",36,0.2
"23","REVO31-P10",35,0.2
"24","REVO31-P10",60,0.2
"25","REVO31-P10",32,0.2
"26","REVO31-P10",21,0.2
"27","REVO31-P10",32,0.2
"28","REVO31-P10",6,0.2
"29","REVO31-P10",5,0.2
"30","REVO31-P10",5,0.2
"31","REVO31-P10",0,0.2
"32","REVO31-P10",4,0.2
"0","REVO31-P4",2481,0.2
"1","REVO31-P4",1574,0.2
"2","REVO31-P4",1414,0.2
"3","REVO31-P4",571,0.2
"4","REVO31-P4",602,0.2
"5","REVO31-P4",870,0.2
"6","REVO31-P4",557,0.2
"7","REVO31-P4",725,0.2
"8","REVO31-P4",241,0.2
"9","REVO31-P4",370,0.2
"10","REVO31-P4",450,0.2
"11","REVO31-P4",269,0.2
"12","REVO31-P4",236,0.2
"13","REVO31-P4",121,0.2
"14","REVO31-P4",207,0.2
"15","REVO31-P4",36,0.2
"16","REVO31-P4",196,0.2
"17","REVO31-P4",123,0.2
"18","REVO31-P4",203,0.2
"19","REVO31-P4",183,0.2
"20","REVO31-P4",139,0.2
"21","REVO31-P4",97,0.2
"22","REVO31-P4",63,0.2
"23","REVO31-P4",71,0.2
"24","REVO31-P4",60,0.2
"25","REVO31-P4",49,0.2
"26","REVO31-P4",48,0.2
"27","REVO31-P4",24,0.2
"28","REVO31-P4",13,0.2
"29","REVO31-P4",9,0.2
"30","REVO31-P4",14,0.2
"31","REVO31-P4",1,0.2
"32","REVO31-P4",3,0.2
"0","REVO26-C",1541,0.3
"1","REVO26-C",1080,0.3
"2","REVO26-C",673,0.3
"3","REVO26-C",335,0.3
"4","REVO26-C",1085,0.3
"5","REVO26-C",1137,0.3
"6","REVO26-C",920,0.3
"7","REVO26-C",230,0.3
"8","REVO26-C",268,0.3
"9","REVO26-C",466,0.3
"10","REVO26-C",204,0.3
"11","REVO26-C",279,0.3
"12","REVO26-C",136,0.3
"13","REVO26-C",612,0.3
"14","REVO26-C",170,0.3
"15","REVO26-C",107,0.3
"16","REVO26-C",142,0.3
"17","REVO26-C",257,0.3
"18","REVO26-C",127,0.3
"19","REVO26-C",126,0.3
"20","REVO26-C",115,0.3
"21","REVO26-C",67,0.3
"22","REVO26-C",74,0.3
"23","REVO26-C",21,0.3
"24","REVO26-C",58,0.3
"25","REVO26-C",32,0.3
"26","REVO26-C",23,0.3
"27","REVO26-C",19,0.3
"28","REVO26-C",30,0.3
"29","REVO26-C",9,0.3
"30","REVO26-C",14,0.3
"31","REVO26-C",25,0.3
"32","REVO26-C",4,0.3
"33","REVO26-C",11,0.3
"0","REVO26-N10",1694,0.3
"1","REVO26-N10",1582,0.3
"2","REVO26-N10",1485,0.3
"3","REVO26-N10",1467,0.3
"4","REVO26-N10",843,0.3
"5","REVO26-N10",679,0.3
"6","REVO26-N10",1024,0.3
"7","REVO26-N10",466,0.3
"8","REVO26-N10",506,0.3
"9","REVO26-N10",390,0.3
"10","REVO26-N10",201,0.3
"11","REVO26-N10",526,0.3
"12","REVO26-N10",315,0.3
"13","REVO26-N10",39,0.3
"14","REVO26-N10",178,0.3
"15","REVO26-N10",103,0.3
"16","REVO26-N10",257,0.3
"17","REVO26-N10",356,0.3
"18","REVO26-N10",89,0.3
"19","REVO26-N10",176,0.3
"20","REVO26-N10",83,0.3
"21","REVO26-N10",89,0.3
"22","REVO26-N10",22,0.3
"23","REVO26-N10",62,0.3
"24","REVO26-N10",88,0.3
"25","REVO26-N10",26,0.3
"26","REVO26-N10",28,0.3
"27","REVO26-N10",49,0.3
"28","REVO26-N10",36,0.3
"29","REVO26-N10",11,0.3
"30","REVO26-N10",24,0.3
"31","REVO26-N10",23,0.3
"32","REVO26-N10",1,0.3
"33","REVO26-N10",1,0.3
"0","REVO26-N4",1168,0.3
"1","REVO26-N4",1066,0.3
"2","REVO26-N4",1942,0.3
"3","REVO26-N4",478,0.3
"4","REVO26-N4",648,0.3
"5","REVO26-N4",676,0.3
"6","REVO26-N4",1013,0.3
"7","REVO26-N4",243,0.3
"8","REVO26-N4",629,0.3
"9","REVO26-N4",284,0.3
"10","REVO26-N4",183,0.3
"11","REVO26-N4",505,0.3
"12","REVO26-N4",346,0.3
"13","REVO26-N4",423,0.3
"14","REVO26-N4",184,0.3
"15","REVO26-N4",32,0.3
"16","REVO26-N4",168,0.3
"17","REVO26-N4",195,0.3
"18","REVO26-N4",177,0.3
"19","REVO26-N4",271,0.3
"20","REVO26-N4",108,0.3
"21","REVO26-N4",80,0.3
"22","REVO26-N4",82,0.3
"23","REVO26-N4",32,0.3
"24","REVO26-N4",65,0.3
"25","REVO26-N4",23,0.3
"26","REVO26-N4",44,0.3
"27","REVO26-N4",30,0.3
"28","REVO26-N4",10,0.3
"29","REVO26-N4",8,0.3
"30","REVO26-N4",16,0.3
"31","REVO26-N4",16,0.3
"32","REVO26-N4",2,0.3
"33","REVO26-N4",1,0.3
"0","REVO26-P10",1485,0.3
"1","REVO26-P10",982,0.3
"2","REVO26-P10",771,0.3
"3","REVO26-P10",2081,0.3
"4","REVO26-P10",639,0.3
"5","REVO26-P10",632,0.3
"6","REVO26-P10",839,0.3
"7","REVO26-P10",306,0.3
"8","REVO26-P10",104,0.3
"9","REVO26-P10",725,0.3
"10","REVO26-P10",282,0.3
"11","REVO26-P10",187,0.3
"12","REVO26-P10",107,0.3
"13","REVO26-P10",49,0.3
"14","REVO26-P10",86,0.3
"15","REVO26-P10",361,0.3
"16","REVO26-P10",152,0.3
"17","REVO26-P10",139,0.3
"18","REVO26-P10",71,0.3
"19","REVO26-P10",129,0.3
"20","REVO26-P10",122,0.3
"21","REVO26-P10",63,0.3
"22","REVO26-P10",12,0.3
"23","REVO26-P10",96,0.3
"24","REVO26-P10",85,0.3
"25","REVO26-P10",13,0.3
"26","REVO26-P10",17,0.3
"27","REVO26-P10",57,0.3
"28","REVO26-P10",43,0.3
"29","REVO26-P10",19,0.3
"30","REVO26-P10",19,0.3
"31","REVO26-P10",24,0.3
"32","REVO26-P10",0,0.3
"33","REVO26-P10",0,0.3
"0","REVO26-P4",2105,0.3
"1","REVO26-P4",1333,0.3
"2","REVO26-P4",833,0.3
"3","REVO26-P4",520,0.3
"4","REVO26-P4",1104,0.3
"5","REVO26-P4",1269,0.3
"6","REVO26-P4",1560,0.3
"7","REVO26-P4",317,0.3
"8","REVO26-P4",244,0.3
"9","REVO26-P4",497,0.3
"10","REVO26-P4",567,0.3
"11","REVO26-P4",306,0.3
"12","REVO26-P4",285,0.3
"13","REVO26-P4",430,0.3
"14","REVO26-P4",184,0.3
"15","REVO26-P4",108,0.3
"16","REVO26-P4",247,0.3
"17","REVO26-P4",246,0.3
"18","REVO26-P4",181,0.3
"19","REVO26-P4",152,0.3
"20","REVO26-P4",102,0.3
"21","REVO26-P4",120,0.3
"22","REVO26-P4",37,0.3
"23","REVO26-P4",70,0.3
"24","REVO26-P4",80,0.3
"25","REVO26-P4",38,0.3
"26","REVO26-P4",35,0.3
"27","REVO26-P4",38,0.3
"28","REVO26-P4",28,0.3
"29","REVO26-P4",3,0.3
"30","REVO26-P4",14,0.3
"31","REVO26-P4",37,0.3
"32","REVO26-P4",46,0.3
"33","REVO26-P4",2,0.3
"0","REVO27-C",2248,0.3
"1","REVO27-C",1383,0.3
"2","REVO27-C",515,0.3
"3","REVO27-C",335,0.3
"4","REVO27-C",1072,0.3
"5","REVO27-C",743,0.3
"6","REVO27-C",479,0.3
"7","REVO27-C",189,0.3
"8","REVO27-C",90,0.3
"9","REVO27-C",285,0.3
"10","REVO27-C",150,0.3
"11","REVO27-C",121,0.3
"12","REVO27-C",358,0.3
"13","REVO27-C",375,0.3
"14","REVO27-C",289,0.3
"15","REVO27-C",23,0.3
"16","REVO27-C",93,0.3
"17","REVO27-C",158,0.3
"18","REVO27-C",228,0.3
"19","REVO27-C",80,0.3
"20","REVO27-C",189,0.3
"21","REVO27-C",126,0.3
"22","REVO27-C",128,0.3
"23","REVO27-C",87,0.3
"24","REVO27-C",80,0.3
"25","REVO27-C",29,0.3
"26","REVO27-C",19,0.3
"27","REVO27-C",38,0.3
"28","REVO27-C",18,0.3
"29","REVO27-C",6,0.3
"30","REVO27-C",3,0.3
"31","REVO27-C",10,0.3
"32","REVO27-C",1,0.3
"33","REVO27-C",5,0.3
"0","REVO27-N10",1633,0.3
"1","REVO27-N10",1094,0.3
"2","REVO27-N10",1138,0.3
"3","REVO27-N10",1740,0.3
"4","REVO27-N10",417,0.3
"5","REVO27-N10",317,0.3
"6","REVO27-N10",320,0.3
"7","REVO27-N10",279,0.3
"8","REVO27-N10",425,0.3
"9","REVO27-N10",338,0.3
"10","REVO27-N10",179,0.3
"11","REVO27-N10",402,0.3
"12","REVO27-N10",420,0.3
"13","REVO27-N10",5,0.3
"14","REVO27-N10",281,0.3
"15","REVO27-N10",5,0.3
"16","REVO27-N10",174,0.3
"17","REVO27-N10",248,0.3
"18","REVO27-N10",119,0.3
"19","REVO27-N10",211,0.3
"20","REVO27-N10",172,0.3
"21","REVO27-N10",115,0.3
"22","REVO27-N10",49,0.3
"23","REVO27-N10",82,0.3
"24","REVO27-N10",75,0.3
"25","REVO27-N10",18,0.3
"26","REVO27-N10",79,0.3
"27","REVO27-N10",36,0.3
"28","REVO27-N10",16,0.3
"29","REVO27-N10",88,0.3
"30","REVO27-N10",30,0.3
"31","REVO27-N10",11,0.3
"32","REVO27-N10",0,0.3
"33","REVO27-N10",2,0.3
"0","REVO27-N4",1797,0.3
"1","REVO27-N4",1374,0.3
"2","REVO27-N4",1480,0.3
"3","REVO27-N4",354,0.3
"4","REVO27-N4",781,0.3
"5","REVO27-N4",539,0.3
"6","REVO27-N4",418,0.3
"7","REVO27-N4",235,0.3
"8","REVO27-N4",599,0.3
"9","REVO27-N4",271,0.3
"10","REVO27-N4",134,0.3
"11","REVO27-N4",468,0.3
"12","REVO27-N4",338,0.3
"13","REVO27-N4",318,0.3
"14","REVO27-N4",278,0.3
"15","REVO27-N4",10,0.3
"16","REVO27-N4",154,0.3
"17","REVO27-N4",125,0.3
"18","REVO27-N4",252,0.3
"19","REVO27-N4",107,0.3
"20","REVO27-N4",162,0.3
"21","REVO27-N4",81,0.3
"22","REVO27-N4",50,0.3
"23","REVO27-N4",84,0.3
"24","REVO27-N4",67,0.3
"25","REVO27-N4",15,0.3
"26","REVO27-N4",60,0.3
"27","REVO27-N4",22,0.3
"28","REVO27-N4",10,0.3
"29","REVO27-N4",8,0.3
"30","REVO27-N4",7,0.3
"31","REVO27-N4",2,0.3
"32","REVO27-N4",3,0.3
"33","REVO27-N4",6,0.3
"0","REVO27-P10",1697,0.3
"1","REVO27-P10",1356,0.3
"2","REVO27-P10",1099,0.3
"3","REVO27-P10",1185,0.3
"4","REVO27-P10",613,0.3
"5","REVO27-P10",360,0.3
"6","REVO27-P10",427,0.3
"7","REVO27-P10",781,0.3
"8","REVO27-P10",225,0.3
"9","REVO27-P10",242,0.3
"10","REVO27-P10",271,0.3
"11","REVO27-P10",265,0.3
"12","REVO27-P10",387,0.3
"13","REVO27-P10",15,0.3
"14","REVO27-P10",216,0.3
"15","REVO27-P10",95,0.3
"16","REVO27-P10",153,0.3
"17","REVO27-P10",225,0.3
"18","REVO27-P10",97,0.3
"19","REVO27-P10",187,0.3
"20","REVO27-P10",295,0.3
"21","REVO27-P10",169,0.3
"22","REVO27-P10",64,0.3
"23","REVO27-P10",143,0.3
"24","REVO27-P10",40,0.3
"25","REVO27-P10",17,0.3
"26","REVO27-P10",51,0.3
"27","REVO27-P10",35,0.3
"28","REVO27-P10",40,0.3
"29","REVO27-P10",10,0.3
"30","REVO27-P10",17,0.3
"31","REVO27-P10",12,0.3
"32","REVO27-P10",1,0.3
"33","REVO27-P10",2,0.3
"0","REVO27-P4",2132,0.3
"1","REVO27-P4",1317,0.3
"2","REVO27-P4",878,0.3
"3","REVO27-P4",751,0.3
"4","REVO27-P4",740,0.3
"5","REVO27-P4",429,0.3
"6","REVO27-P4",538,0.3
"7","REVO27-P4",275,0.3
"8","REVO27-P4",324,0.3
"9","REVO27-P4",216,0.3
"10","REVO27-P4",365,0.3
"11","REVO27-P4",252,0.3
"12","REVO27-P4",504,0.3
"13","REVO27-P4",215,0.3
"14","REVO27-P4",159,0.3
"15","REVO27-P4",27,0.3
"16","REVO27-P4",230,0.3
"17","REVO27-P4",127,0.3
"18","REVO27-P4",229,0.3
"19","REVO27-P4",143,0.3
"20","REVO27-P4",444,0.3
"21","REVO27-P4",166,0.3
"22","REVO27-P4",105,0.3
"23","REVO27-P4",115,0.3
"24","REVO27-P4",61,0.3
"25","REVO27-P4",15,0.3
"26","REVO27-P4",44,0.3
"27","REVO27-P4",35,0.3
"28","REVO27-P4",12,0.3
"29","REVO27-P4",19,0.3
"30","REVO27-P4",17,0.3
"31","REVO27-P4",21,0.3
"32","REVO27-P4",5,0.3
"33","REVO27-P4",1,0.3
"0","REVO29-C",2416,0.3
"1","REVO29-C",1081,0.3
"2","REVO29-C",636,0.3
"3","REVO29-C",411,0.3
"4","REVO29-C",1377,0.3
"5","REVO29-C",1561,0.3
"6","REVO29-C",990,0.3
"7","REVO29-C",447,0.3
"8","REVO29-C",143,0.3
"9","REVO29-C",353,0.3
"10","REVO29-C",310,0.3
"11","REVO29-C",177,0.3
"12","REVO29-C",200,0.3
"13","REVO29-C",553,0.3
"14","REVO29-C",266,0.3
"15","REVO29-C",131,0.3
"16","REVO29-C",181,0.3
"17","REVO29-C",154,0.3
"18","REVO29-C",228,0.3
"19","REVO29-C",80,0.3
"20","REVO29-C",72,0.3
"21","REVO29-C",82,0.3
"22","REVO29-C",79,0.3
"23","REVO29-C",11,0.3
"24","REVO29-C",40,0.3
"25","REVO29-C",53,0.3
"26","REVO29-C",49,0.3
"27","REVO29-C",54,0.3
"28","REVO29-C",52,0.3
"29","REVO29-C",120,0.3
"30","REVO29-C",17,0.3
"31","REVO29-C",18,0.3
"32","REVO29-C",13,0.3
"33","REVO29-C",2,0.3
"0","REVO29-N4",949,0.3
"1","REVO29-N4",711,0.3
"2","REVO29-N4",2684,0.3
"3","REVO29-N4",116,0.3
"4","REVO29-N4",439,0.3
"5","REVO29-N4",630,0.3
"6","REVO29-N4",472,0.3
"7","REVO29-N4",349,0.3
"8","REVO29-N4",668,0.3
"9","REVO29-N4",187,0.3
"10","REVO29-N4",114,0.3
"11","REVO29-N4",194,0.3
"12","REVO29-N4",437,0.3
"13","REVO29-N4",223,0.3
"14","REVO29-N4",181,0.3
"15","REVO29-N4",2,0.3
"16","REVO29-N4",169,0.3
"17","REVO29-N4",96,0.3
"18","REVO29-N4",234,0.3
"19","REVO29-N4",195,0.3
"20","REVO29-N4",57,0.3
"21","REVO29-N4",40,0.3
"22","REVO29-N4",64,0.3
"23","REVO29-N4",7,0.3
"24","REVO29-N4",48,0.3
"25","REVO29-N4",27,0.3
"26","REVO29-N4",28,0.3
"27","REVO29-N4",38,0.3
"28","REVO29-N4",26,0.3
"29","REVO29-N4",12,0.3
"30","REVO29-N4",5,0.3
"31","REVO29-N4",5,0.3
"32","REVO29-N4",0,0.3
"33","REVO29-N4",1,0.3
"0","REVO29-P4",2030,0.3
"1","REVO29-P4",1233,0.3
"2","REVO29-P4",521,0.3
"3","REVO29-P4",350,0.3
"4","REVO29-P4",1018,0.3
"5","REVO29-P4",1164,0.3
"6","REVO29-P4",896,0.3
"7","REVO29-P4",483,0.3
"8","REVO29-P4",371,0.3
"9","REVO29-P4",343,0.3
"10","REVO29-P4",536,0.3
"11","REVO29-P4",160,0.3
"12","REVO29-P4",303,0.3
"13","REVO29-P4",309,0.3
"14","REVO29-P4",190,0.3
"15","REVO29-P4",146,0.3
"16","REVO29-P4",214,0.3
"17","REVO29-P4",166,0.3
"18","REVO29-P4",226,0.3
"19","REVO29-P4",129,0.3
"20","REVO29-P4",145,0.3
"21","REVO29-P4",144,0.3
"22","REVO29-P4",68,0.3
"23","REVO29-P4",22,0.3
"24","REVO29-P4",53,0.3
"25","REVO29-P4",61,0.3
"26","REVO29-P4",27,0.3
"27","REVO29-P4",70,0.3
"28","REVO29-P4",104,0.3
"29","REVO29-P4",1,0.3
"30","REVO29-P4",9,0.3
"31","REVO29-P4",14,0.3
"32","REVO29-P4",1,0.3
"33","REVO29-P4",1,0.3
"0","REVO30-C",2112,0.3
"1","REVO30-C",1188,0.3
"2","REVO30-C",851,0.3
"3","REVO30-C",1131,0.3
"4","REVO30-C",852,0.3
"5","REVO30-C",1393,0.3
"6","REVO30-C",415,0.3
"7","REVO30-C",560,0.3
"8","REVO30-C",448,0.3
"9","REVO30-C",442,0.3
"10","REVO30-C",222,0.3
"11","REVO30-C",230,0.3
"12","REVO30-C",332,0.3
"13","REVO30-C",412,0.3
"14","REVO30-C",175,0.3
"15","REVO30-C",160,0.3
"16","REVO30-C",157,0.3
"17","REVO30-C",245,0.3
"18","REVO30-C",224,0.3
"19","REVO30-C",127,0.3
"20","REVO30-C",46,0.3
"21","REVO30-C",52,0.3
"22","REVO30-C",176,0.3
"23","REVO30-C",54,0.3
"24","REVO30-C",107,0.3
"25","REVO30-C",63,0.3
"26","REVO30-C",31,0.3
"27","REVO30-C",28,0.3
"28","REVO30-C",15,0.3
"29","REVO30-C",149,0.3
"30","REVO30-C",18,0.3
"31","REVO30-C",7,0.3
"32","REVO30-C",0,0.3
"33","REVO30-C",1,0.3
"0","REVO30-N10",2429,0.3
"1","REVO30-N10",1265,0.3
"2","REVO30-N10",1689,0.3
"3","REVO30-N10",1046,0.3
"4","REVO30-N10",949,0.3
"5","REVO30-N10",462,0.3
"6","REVO30-N10",462,0.3
"7","REVO30-N10",839,0.3
"8","REVO30-N10",623,0.3
"9","REVO30-N10",315,0.3
"10","REVO30-N10",335,0.3
"11","REVO30-N10",415,0.3
"12","REVO30-N10",232,0.3
"13","REVO30-N10",21,0.3
"14","REVO30-N10",100,0.3
"15","REVO30-N10",335,0.3
"16","REVO30-N10",267,0.3
"17","REVO30-N10",61,0.3
"18","REVO30-N10",72,0.3
"19","REVO30-N10",191,0.3
"20","REVO30-N10",56,0.3
"21","REVO30-N10",45,0.3
"22","REVO30-N10",61,0.3
"23","REVO30-N10",42,0.3
"24","REVO30-N10",28,0.3
"25","REVO30-N10",47,0.3
"26","REVO30-N10",49,0.3
"27","REVO30-N10",37,0.3
"28","REVO30-N10",17,0.3
"29","REVO30-N10",51,0.3
"30","REVO30-N10",33,0.3
"31","REVO30-N10",16,0.3
"32","REVO30-N10",0,0.3
"33","REVO30-N10",1,0.3
"0","REVO30-N4",2953,0.3
"1","REVO30-N4",1321,0.3
"2","REVO30-N4",783,0.3
"3","REVO30-N4",385,0.3
"4","REVO30-N4",864,0.3
"5","REVO30-N4",692,0.3
"6","REVO30-N4",605,0.3
"7","REVO30-N4",617,0.3
"8","REVO30-N4",663,0.3
"9","REVO30-N4",186,0.3
"10","REVO30-N4",285,0.3
"11","REVO30-N4",264,0.3
"12","REVO30-N4",207,0.3
"13","REVO30-N4",304,0.3
"14","REVO30-N4",152,0.3
"15","REVO30-N4",700,0.3
"16","REVO30-N4",193,0.3
"17","REVO30-N4",58,0.3
"18","REVO30-N4",178,0.3
"19","REVO30-N4",221,0.3
"20","REVO30-N4",79,0.3
"21","REVO30-N4",81,0.3
"22","REVO30-N4",127,0.3
"23","REVO30-N4",33,0.3
"24","REVO30-N4",47,0.3
"25","REVO30-N4",68,0.3
"26","REVO30-N4",30,0.3
"27","REVO30-N4",44,0.3
"28","REVO30-N4",56,0.3
"29","REVO30-N4",5,0.3
"30","REVO30-N4",8,0.3
"31","REVO30-N4",14,0.3
"32","REVO30-N4",3,0.3
"33","REVO30-N4",0,0.3
"0","REVO30-P10",3334,0.3
"1","REVO30-P10",1310,0.3
"2","REVO30-P10",1888,0.3
"3","REVO30-P10",1429,0.3
"4","REVO30-P10",1132,0.3
"5","REVO30-P10",615,0.3
"6","REVO30-P10",643,0.3
"7","REVO30-P10",870,0.3
"8","REVO30-P10",171,0.3
"9","REVO30-P10",593,0.3
"10","REVO30-P10",384,0.3
"11","REVO30-P10",288,0.3
"12","REVO30-P10",113,0.3
"13","REVO30-P10",5,0.3
"14","REVO30-P10",129,0.3
"15","REVO30-P10",759,0.3
"16","REVO30-P10",136,0.3
"17","REVO30-P10",113,0.3
"18","REVO30-P10",65,0.3
"19","REVO30-P10",178,0.3
"20","REVO30-P10",44,0.3
"21","REVO30-P10",74,0.3
"22","REVO30-P10",51,0.3
"23","REVO30-P10",62,0.3
"24","REVO30-P10",29,0.3
"25","REVO30-P10",82,0.3
"26","REVO30-P10",37,0.3
"27","REVO30-P10",48,0.3
"28","REVO30-P10",34,0.3
"29","REVO30-P10",1,0.3
"30","REVO30-P10",38,0.3
"31","REVO30-P10",5,0.3
"32","REVO30-P10",1,0.3
"33","REVO30-P10",3,0.3
"0","REVO30-P4",2657,0.3
"1","REVO30-P4",1195,0.3
"2","REVO30-P4",901,0.3
"3","REVO30-P4",504,0.3
"4","REVO30-P4",751,0.3
"5","REVO30-P4",688,0.3
"6","REVO30-P4",479,0.3
"7","REVO30-P4",1046,0.3
"8","REVO30-P4",636,0.3
"9","REVO30-P4",389,0.3
"10","REVO30-P4",434,0.3
"11","REVO30-P4",388,0.3
"12","REVO30-P4",253,0.3
"13","REVO30-P4",238,0.3
"14","REVO30-P4",91,0.3
"15","REVO30-P4",288,0.3
"16","REVO30-P4",213,0.3
"17","REVO30-P4",77,0.3
"18","REVO30-P4",164,0.3
"19","REVO30-P4",215,0.3
"20","REVO30-P4",35,0.3
"21","REVO30-P4",52,0.3
"22","REVO30-P4",60,0.3
"23","REVO30-P4",37,0.3
"24","REVO30-P4",37,0.3
"25","REVO30-P4",61,0.3
"26","REVO30-P4",36,0.3
"27","REVO30-P4",37,0.3
"28","REVO30-P4",9,0.3
"29","REVO30-P4",3,0.3
"30","REVO30-P4",26,0.3
"31","REVO30-P4",17,0.3
"32","REVO30-P4",1,0.3
"33","REVO30-P4",2,0.3
"0","REVO31-C",2201,0.3
"1","REVO31-C",1050,0.3
"2","REVO31-C",669,0.3
"3","REVO31-C",504,0.3
"4","REVO31-C",724,0.3
"5","REVO31-C",784,0.3
"6","REVO31-C",431,0.3
"7","REVO31-C",306,0.3
"8","REVO31-C",154,0.3
"9","REVO31-C",382,0.3
"10","REVO31-C",234,0.3
"11","REVO31-C",173,0.3
"12","REVO31-C",92,0.3
"13","REVO31-C",159,0.3
"14","REVO31-C",254,0.3
"15","REVO31-C",113,0.3
"16","REVO31-C",95,0.3
"17","REVO31-C",88,0.3
"18","REVO31-C",126,0.3
"19","REVO31-C",54,0.3
"20","REVO31-C",126,0.3
"21","REVO31-C",75,0.3
"22","REVO31-C",50,0.3
"23","REVO31-C",46,0.3
"24","REVO31-C",40,0.3
"25","REVO31-C",70,0.3
"26","REVO31-C",27,0.3
"27","REVO31-C",24,0.3
"28","REVO31-C",23,0.3
"29","REVO31-C",5,0.3
"30","REVO31-C",27,0.3
"31","REVO31-C",10,0.3
"32","REVO31-C",4,0.3
"33","REVO31-C",1,0.3
"0","REVO31-N4",1651,0.3
"1","REVO31-N4",1258,0.3
"2","REVO31-N4",1477,0.3
"3","REVO31-N4",526,0.3
"4","REVO31-N4",393,0.3
"5","REVO31-N4",510,0.3
"6","REVO31-N4",365,0.3
"7","REVO31-N4",477,0.3
"8","REVO31-N4",832,0.3
"9","REVO31-N4",232,0.3
"10","REVO31-N4",163,0.3
"11","REVO31-N4",268,0.3
"12","REVO31-N4",354,0.3
"13","REVO31-N4",92,0.3
"14","REVO31-N4",157,0.3
"15","REVO31-N4",70,0.3
"16","REVO31-N4",191,0.3
"17","REVO31-N4",85,0.3
"18","REVO31-N4",153,0.3
"19","REVO31-N4",209,0.3
"20","REVO31-N4",184,0.3
"21","REVO31-N4",55,0.3
"22","REVO31-N4",49,0.3
"23","REVO31-N4",32,0.3
"24","REVO31-N4",60,0.3
"25","REVO31-N4",41,0.3
"26","REVO31-N4",30,0.3
"27","REVO31-N4",17,0.3
"28","REVO31-N4",33,0.3
"29","REVO31-N4",19,0.3
"30","REVO31-N4",23,0.3
"31","REVO31-N4",18,0.3
"32","REVO31-N4",0,0.3
"33","REVO31-N4",3,0.3
"0","REVO31-N8",2255,0.3
"1","REVO31-N8",1330,0.3
"2","REVO31-N8",1128,0.3
"3","REVO31-N8",1320,0.3
"4","REVO31-N8",433,0.3
"5","REVO31-N8",449,0.3
"6","REVO31-N8",451,0.3
"7","REVO31-N8",717,0.3
"8","REVO31-N8",337,0.3
"9","REVO31-N8",489,0.3
"10","REVO31-N8",400,0.3
"11","REVO31-N8",268,0.3
"12","REVO31-N8",201,0.3
"13","REVO31-N8",22,0.3
"14","REVO31-N8",165,0.3
"15","REVO31-N8",612,0.3
"16","REVO31-N8",191,0.3
"17","REVO31-N8",154,0.3
"18","REVO31-N8",114,0.3
"19","REVO31-N8",134,0.3
"20","REVO31-N8",230,0.3
"21","REVO31-N8",121,0.3
"22","REVO31-N8",32,0.3
"23","REVO31-N8",166,0.3
"24","REVO31-N8",49,0.3
"25","REVO31-N8",33,0.3
"26","REVO31-N8",30,0.3
"27","REVO31-N8",29,0.3
"28","REVO31-N8",141,0.3
"29","REVO31-N8",5,0.3
"30","REVO31-N8",23,0.3
"31","REVO31-N8",17,0.3
"32","REVO31-N8",0,0.3
"33","REVO31-N8",0,0.3
"0","REVO31-P10",2191,0.3
"1","REVO31-P10",1126,0.3
"2","REVO31-P10",2092,0.3
"3","REVO31-P10",1088,0.3
"4","REVO31-P10",395,0.3
"5","REVO31-P10",484,0.3
"6","REVO31-P10",390,0.3
"7","REVO31-P10",768,0.3
"8","REVO31-P10",293,0.3
"9","REVO31-P10",308,0.3
"10","REVO31-P10",226,0.3
"11","REVO31-P10",213,0.3
"12","REVO31-P10",105,0.3
"13","REVO31-P10",12,0.3
"14","REVO31-P10",157,0.3
"15","REVO31-P10",14,0.3
"16","REVO31-P10",122,0.3
"17","REVO31-P10",154,0.3
"18","REVO31-P10",85,0.3
"19","REVO31-P10",128,0.3
"20","REVO31-P10",125,0.3
"21","REVO31-P10",63,0.3
"22","REVO31-P10",36,0.3
"23","REVO31-P10",35,0.3
"24","REVO31-P10",61,0.3
"25","REVO31-P10",25,0.3
"26","REVO31-P10",32,0.3
"27","REVO31-P10",32,0.3
"28","REVO31-P10",6,0.3
"29","REVO31-P10",5,0.3
"30","REVO31-P10",30,0.3
"31","REVO31-P10",5,0.3
"32","REVO31-P10",0,0.3
"33","REVO31-P10",4,0.3
"0","REVO31-P4",2342,0.3
"1","REVO31-P4",1515,0.3
"2","REVO31-P4",1569,0.3
"3","REVO31-P4",568,0.3
"4","REVO31-P4",601,0.3
"5","REVO31-P4",870,0.3
"6","REVO31-P4",550,0.3
"7","REVO31-P4",730,0.3
"8","REVO31-P4",244,0.3
"9","REVO31-P4",370,0.3
"10","REVO31-P4",450,0.3
"11","REVO31-P4",269,0.3
"12","REVO31-P4",236,0.3
"13","REVO31-P4",121,0.3
"14","REVO31-P4",207,0.3
"15","REVO31-P4",36,0.3
"16","REVO31-P4",196,0.3
"17","REVO31-P4",123,0.3
"18","REVO31-P4",203,0.3
"19","REVO31-P4",183,0.3
"20","REVO31-P4",140,0.3
"21","REVO31-P4",97,0.3
"22","REVO31-P4",63,0.3
"23","REVO31-P4",71,0.3
"24","REVO31-P4",60,0.3
"25","REVO31-P4",53,0.3
"26","REVO31-P4",49,0.3
"27","REVO31-P4",24,0.3
"28","REVO31-P4",13,0.3
"29","REVO31-P4",9,0.3
"30","REVO31-P4",40,0.3
"31","REVO31-P4",14,0.3
"32","REVO31-P4",1,0.3
"33","REVO31-P4",3,0.3
"0","REVO26-C",829,0.4
"1","REVO26-C",673,0.4
"2","REVO26-C",998,0.4
"3","REVO26-C",335,0.4
"4","REVO26-C",687,0.4
"5","REVO26-C",1095,0.4
"6","REVO26-C",1136,0.4
"7","REVO26-C",798,0.4
"8","REVO26-C",268,0.4
"9","REVO26-C",466,0.4
"10","REVO26-C",156,0.4
"11","REVO26-C",204,0.4
"12","REVO26-C",279,0.4
"13","REVO26-C",136,0.4
"14","REVO26-C",612,0.4
"15","REVO26-C",171,0.4
"16","REVO26-C",107,0.4
"17","REVO26-C",142,0.4
"18","REVO26-C",75,0.4
"19","REVO26-C",257,0.4
"20","REVO26-C",127,0.4
"21","REVO26-C",126,0.4
"22","REVO26-C",134,0.4
"23","REVO26-C",115,0.4
"24","REVO26-C",99,0.4
"25","REVO26-C",66,0.4
"26","REVO26-C",74,0.4
"27","REVO26-C",21,0.4
"28","REVO26-C",58,0.4
"29","REVO26-C",32,0.4
"30","REVO26-C",23,0.4
"31","REVO26-C",19,0.4
"32","REVO26-C",30,0.4
"33","REVO26-C",9,0.4
"34","REVO26-C",25,0.4
"35","REVO26-C",4,0.4
"36","REVO26-C",11,0.4
"0","REVO26-N10",852,0.4
"1","REVO26-N10",1485,0.4
"2","REVO26-N10",1529,0.4
"3","REVO26-N10",1467,0.4
"4","REVO26-N10",816,0.4
"5","REVO26-N10",843,0.4
"6","REVO26-N10",679,0.4
"7","REVO26-N10",889,0.4
"8","REVO26-N10",506,0.4
"9","REVO26-N10",387,0.4
"10","REVO26-N10",270,0.4
"11","REVO26-N10",201,0.4
"12","REVO26-N10",526,0.4
"13","REVO26-N10",315,0.4
"14","REVO26-N10",39,0.4
"15","REVO26-N10",178,0.4
"16","REVO26-N10",103,0.4
"17","REVO26-N10",257,0.4
"18","REVO26-N10",197,0.4
"19","REVO26-N10",356,0.4
"20","REVO26-N10",89,0.4
"21","REVO26-N10",176,0.4
"22","REVO26-N10",154,0.4
"23","REVO26-N10",83,0.4
"24","REVO26-N10",86,0.4
"25","REVO26-N10",89,0.4
"26","REVO26-N10",22,0.4
"27","REVO26-N10",62,0.4
"28","REVO26-N10",88,0.4
"29","REVO26-N10",26,0.4
"30","REVO26-N10",28,0.4
"31","REVO26-N10",49,0.4
"32","REVO26-N10",36,0.4
"33","REVO26-N10",11,0.4
"34","REVO26-N10",23,0.4
"35","REVO26-N10",1,0.4
"36","REVO26-N10",1,0.4
"0","REVO26-N4",745,0.4
"1","REVO26-N4",1942,0.4
"2","REVO26-N4",986,0.4
"3","REVO26-N4",478,0.4
"4","REVO26-N4",411,0.4
"5","REVO26-N4",649,0.4
"6","REVO26-N4",676,0.4
"7","REVO26-N4",856,0.4
"8","REVO26-N4",629,0.4
"9","REVO26-N4",284,0.4
"10","REVO26-N4",130,0.4
"11","REVO26-N4",182,0.4
"12","REVO26-N4",506,0.4
"13","REVO26-N4",346,0.4
"14","REVO26-N4",423,0.4
"15","REVO26-N4",185,0.4
"16","REVO26-N4",32,0.4
"17","REVO26-N4",168,0.4
"18","REVO26-N4",113,0.4
"19","REVO26-N4",195,0.4
"20","REVO26-N4",177,0.4
"21","REVO26-N4",271,0.4
"22","REVO26-N4",163,0.4
"23","REVO26-N4",108,0.4
"24","REVO26-N4",100,0.4
"25","REVO26-N4",80,0.4
"26","REVO26-N4",82,0.4
"27","REVO26-N4",32,0.4
"28","REVO26-N4",65,0.4
"29","REVO26-N4",23,0.4
"30","REVO26-N4",44,0.4
"31","REVO26-N4",30,0.4
"32","REVO26-N4",10,0.4
"33","REVO26-N4",8,0.4
"34","REVO26-N4",16,0.4
"35","REVO26-N4",2,0.4
"36","REVO26-N4",1,0.4
"0","REVO26-P10",622,0.4
"1","REVO26-P10",771,0.4
"2","REVO26-P10",946,0.4
"3","REVO26-P10",2081,0.4
"4","REVO26-P10",853,0.4
"5","REVO26-P10",640,0.4
"6","REVO26-P10",632,0.4
"7","REVO26-P10",731,0.4
"8","REVO26-P10",104,0.4
"9","REVO26-P10",725,0.4
"10","REVO26-P10",185,0.4
"11","REVO26-P10",282,0.4
"12","REVO26-P10",187,0.4
"13","REVO26-P10",107,0.4
"14","REVO26-P10",49,0.4
"15","REVO26-P10",86,0.4
"16","REVO26-P10",361,0.4
"17","REVO26-P10",152,0.4
"18","REVO26-P10",121,0.4
"19","REVO26-P10",139,0.4
"20","REVO26-P10",71,0.4
"21","REVO26-P10",129,0.4
"22","REVO26-P10",114,0.4
"23","REVO26-P10",122,0.4
"24","REVO26-P10",57,0.4
"25","REVO26-P10",63,0.4
"26","REVO26-P10",12,0.4
"27","REVO26-P10",96,0.4
"28","REVO26-P10",86,0.4
"29","REVO26-P10",13,0.4
"30","REVO26-P10",17,0.4
"31","REVO26-P10",57,0.4
"32","REVO26-P10",43,0.4
"33","REVO26-P10",19,0.4
"34","REVO26-P10",24,0.4
"35","REVO26-P10",0,0.4
"36","REVO26-P10",0,0.4
"0","REVO26-P4",1288,0.4
"1","REVO26-P4",833,0.4
"2","REVO26-P4",1217,0.4
"3","REVO26-P4",519,0.4
"4","REVO26-P4",793,0.4
"5","REVO26-P4",1106,0.4
"6","REVO26-P4",1268,0.4
"7","REVO26-P4",1390,0.4
"8","REVO26-P4",244,0.4
"9","REVO26-P4",497,0.4
"10","REVO26-P4",211,0.4
"11","REVO26-P4",568,0.4
"12","REVO26-P4",306,0.4
"13","REVO26-P4",285,0.4
"14","REVO26-P4",430,0.4
"15","REVO26-P4",184,0.4
"16","REVO26-P4",108,0.4
"17","REVO26-P4",249,0.4
"18","REVO26-P4",105,0.4
"19","REVO26-P4",246,0.4
"20","REVO26-P4",181,0.4
"21","REVO26-P4",152,0.4
"22","REVO26-P4",193,0.4
"23","REVO26-P4",102,0.4
"24","REVO26-P4",128,0.4
"25","REVO26-P4",120,0.4
"26","REVO26-P4",37,0.4
"27","REVO26-P4",70,0.4
"28","REVO26-P4",80,0.4
"29","REVO26-P4",38,0.4
"30","REVO26-P4",36,0.4
"31","REVO26-P4",38,0.4
"32","REVO26-P4",28,0.4
"33","REVO26-P4",3,0.4
"34","REVO26-P4",37,0.4
"35","REVO26-P4",46,0.4
"36","REVO26-P4",2,0.4
"0","REVO27-C",1573,0.4
"1","REVO27-C",515,0.4
"2","REVO27-C",1174,0.4
"3","REVO27-C",335,0.4
"4","REVO27-C",653,0.4
"5","REVO27-C",1078,0.4
"6","REVO27-C",743,0.4
"7","REVO27-C",263,0.4
"8","REVO27-C",90,0.4
"9","REVO27-C",285,0.4
"10","REVO27-C",161,0.4
"11","REVO27-C",150,0.4
"12","REVO27-C",121,0.4
"13","REVO27-C",358,0.4
"14","REVO27-C",375,0.4
"15","REVO27-C",289,0.4
"16","REVO27-C",23,0.4
"17","REVO27-C",94,0.4
"18","REVO27-C",27,0.4
"19","REVO27-C",158,0.4
"20","REVO27-C",228,0.4
"21","REVO27-C",80,0.4
"22","REVO27-C",222,0.4
"23","REVO27-C",189,0.4
"24","REVO27-C",222,0.4
"25","REVO27-C",126,0.4
"26","REVO27-C",128,0.4
"27","REVO27-C",87,0.4
"28","REVO27-C",80,0.4
"29","REVO27-C",29,0.4
"30","REVO27-C",19,0.4
"31","REVO27-C",38,0.4
"32","REVO27-C",18,0.4
"33","REVO27-C",6,0.4
"34","REVO27-C",10,0.4
"35","REVO27-C",1,0.4
"36","REVO27-C",5,0.4
"0","REVO27-N10",1024,0.4
"1","REVO27-N10",1138,0.4
"2","REVO27-N10",1051,0.4
"3","REVO27-N10",1737,0.4
"4","REVO27-N10",598,0.4
"5","REVO27-N10",418,0.4
"6","REVO27-N10",317,0.4
"7","REVO27-N10",194,0.4
"8","REVO27-N10",425,0.4
"9","REVO27-N10",338,0.4
"10","REVO27-N10",220,0.4
"11","REVO27-N10",180,0.4
"12","REVO27-N10",404,0.4
"13","REVO27-N10",420,0.4
"14","REVO27-N10",5,0.4
"15","REVO27-N10",283,0.4
"16","REVO27-N10",5,0.4
"17","REVO27-N10",174,0.4
"18","REVO27-N10",59,0.4
"19","REVO27-N10",248,0.4
"20","REVO27-N10",119,0.4
"21","REVO27-N10",211,0.4
"22","REVO27-N10",128,0.4
"23","REVO27-N10",172,0.4
"24","REVO27-N10",79,0.4
"25","REVO27-N10",115,0.4
"26","REVO27-N10",49,0.4
"27","REVO27-N10",82,0.4
"28","REVO27-N10",75,0.4
"29","REVO27-N10",18,0.4
"30","REVO27-N10",79,0.4
"31","REVO27-N10",36,0.4
"32","REVO27-N10",16,0.4
"33","REVO27-N10",88,0.4
"34","REVO27-N10",11,0.4
"35","REVO27-N10",0,0.4
"36","REVO27-N10",2,0.4
"0","REVO27-N4",1295,0.4
"1","REVO27-N4",1479,0.4
"2","REVO27-N4",1322,0.4
"3","REVO27-N4",353,0.4
"4","REVO27-N4",481,0.4
"5","REVO27-N4",781,0.4
"6","REVO27-N4",540,0.4
"7","REVO27-N4",222,0.4
"8","REVO27-N4",599,0.4
"9","REVO27-N4",271,0.4
"10","REVO27-N4",205,0.4
"11","REVO27-N4",134,0.4
"12","REVO27-N4",469,0.4
"13","REVO27-N4",339,0.4
"14","REVO27-N4",318,0.4
"15","REVO27-N4",279,0.4
"16","REVO27-N4",10,0.4
"17","REVO27-N4",155,0.4
"18","REVO27-N4",31,0.4
"19","REVO27-N4",123,0.4
"20","REVO27-N4",252,0.4
"21","REVO27-N4",107,0.4
"22","REVO27-N4",203,0.4
"23","REVO27-N4",162,0.4
"24","REVO27-N4",70,0.4
"25","REVO27-N4",81,0.4
"26","REVO27-N4",50,0.4
"27","REVO27-N4",84,0.4
"28","REVO27-N4",67,0.4
"29","REVO27-N4",16,0.4
"30","REVO27-N4",60,0.4
"31","REVO27-N4",22,0.4
"32","REVO27-N4",10,0.4
"33","REVO27-N4",8,0.4
"34","REVO27-N4",2,0.4
"35","REVO27-N4",3,0.4
"36","REVO27-N4",6,0.4
"0","REVO27-P10",1105,0.4
"1","REVO27-P10",1099,0.4
"2","REVO27-P10",1277,0.4
"3","REVO27-P10",1185,0.4
"4","REVO27-P10",584,0.4
"5","REVO27-P10",614,0.4
"6","REVO27-P10",359,0.4
"7","REVO27-P10",235,0.4
"8","REVO27-P10",225,0.4
"9","REVO27-P10",242,0.4
"10","REVO27-P10",628,0.4
"11","REVO27-P10",271,0.4
"12","REVO27-P10",265,0.4
"13","REVO27-P10",387,0.4
"14","REVO27-P10",15,0.4
"15","REVO27-P10",217,0.4
"16","REVO27-P10",95,0.4
"17","REVO27-P10",153,0.4
"18","REVO27-P10",153,0.4
"19","REVO27-P10",226,0.4
"20","REVO27-P10",97,0.4
"21","REVO27-P10",187,0.4
"22","REVO27-P10",192,0.4
"23","REVO27-P10",295,0.4
"24","REVO27-P10",100,0.4
"25","REVO27-P10",169,0.4
"26","REVO27-P10",64,0.4
"27","REVO27-P10",143,0.4
"28","REVO27-P10",41,0.4
"29","REVO27-P10",17,0.4
"30","REVO27-P10",52,0.4
"31","REVO27-P10",35,0.4
"32","REVO27-P10",40,0.4
"33","REVO27-P10",10,0.4
"34","REVO27-P10",12,0.4
"35","REVO27-P10",1,0.4
"36","REVO27-P10",2,0.4
"0","REVO27-P4",1497,0.4
"1","REVO27-P4",878,0.4
"2","REVO27-P4",1159,0.4
"3","REVO27-P4",751,0.4
"4","REVO27-P4",616,0.4
"5","REVO27-P4",741,0.4
"6","REVO27-P4",429,0.4
"7","REVO27-P4",306,0.4
"8","REVO27-P4",324,0.4
"9","REVO27-P4",216,0.4
"10","REVO27-P4",221,0.4
"11","REVO27-P4",365,0.4
"12","REVO27-P4",252,0.4
"13","REVO27-P4",504,0.4
"14","REVO27-P4",215,0.4
"15","REVO27-P4",160,0.4
"16","REVO27-P4",27,0.4
"17","REVO27-P4",231,0.4
"18","REVO27-P4",54,0.4
"19","REVO27-P4",127,0.4
"20","REVO27-P4",229,0.4
"21","REVO27-P4",143,0.4
"22","REVO27-P4",239,0.4
"23","REVO27-P4",444,0.4
"24","REVO27-P4",184,0.4
"25","REVO27-P4",166,0.4
"26","REVO27-P4",105,0.4
"27","REVO27-P4",115,0.4
"28","REVO27-P4",61,0.4
"29","REVO27-P4",15,0.4
"30","REVO27-P4",44,0.4
"31","REVO27-P4",35,0.4
"32","REVO27-P4",12,0.4
"33","REVO27-P4",19,0.4
"34","REVO27-P4",21,0.4
"35","REVO27-P4",5,0.4
"36","REVO27-P4",1,0.4
"0","REVO29-C",1645,0.4
"1","REVO29-C",634,0.4
"2","REVO29-C",897,0.4
"3","REVO29-C",411,0.4
"4","REVO29-C",744,0.4
"5","REVO29-C",1388,0.4
"6","REVO29-C",1563,0.4
"7","REVO29-C",881,0.4
"8","REVO29-C",143,0.4
"9","REVO29-C",353,0.4
"10","REVO29-C",343,0.4
"11","REVO29-C",311,0.4
"12","REVO29-C",177,0.4
"13","REVO29-C",202,0.4
"14","REVO29-C",553,0.4
"15","REVO29-C",268,0.4
"16","REVO29-C",131,0.4
"17","REVO29-C",182,0.4
"18","REVO29-C",100,0.4
"19","REVO29-C",154,0.4
"20","REVO29-C",228,0.4
"21","REVO29-C",81,0.4
"22","REVO29-C",118,0.4
"23","REVO29-C",72,0.4
"24","REVO29-C",205,0.4
"25","REVO29-C",82,0.4
"26","REVO29-C",79,0.4
"27","REVO29-C",11,0.4
"28","REVO29-C",40,0.4
"29","REVO29-C",53,0.4
"30","REVO29-C",49,0.4
"31","REVO29-C",54,0.4
"32","REVO29-C",52,0.4
"33","REVO29-C",120,0.4
"34","REVO29-C",18,0.4
"35","REVO29-C",13,0.4
"36","REVO29-C",2,0.4
"0","REVO29-N4",718,0.4
"1","REVO29-N4",2685,0.4
"2","REVO29-N4",682,0.4
"3","REVO29-N4",115,0.4
"4","REVO29-N4",219,0.4
"5","REVO29-N4",440,0.4
"6","REVO29-N4",628,0.4
"7","REVO29-N4",338,0.4
"8","REVO29-N4",667,0.4
"9","REVO29-N4",187,0.4
"10","REVO29-N4",224,0.4
"11","REVO29-N4",114,0.4
"12","REVO29-N4",194,0.4
"13","REVO29-N4",437,0.4
"14","REVO29-N4",223,0.4
"15","REVO29-N4",182,0.4
"16","REVO29-N4",2,0.4
"17","REVO29-N4",172,0.4
"18","REVO29-N4",124,0.4
"19","REVO29-N4",96,0.4
"20","REVO29-N4",234,0.4
"21","REVO29-N4",195,0.4
"22","REVO29-N4",140,0.4
"23","REVO29-N4",57,0.4
"24","REVO29-N4",38,0.4
"25","REVO29-N4",41,0.4
"26","REVO29-N4",64,0.4
"27","REVO29-N4",7,0.4
"28","REVO29-N4",48,0.4
"29","REVO29-N4",27,0.4
"30","REVO29-N4",28,0.4
"31","REVO29-N4",38,0.4
"32","REVO29-N4",26,0.4
"33","REVO29-N4",12,0.4
"34","REVO29-N4",5,0.4
"35","REVO29-N4",0,0.4
"36","REVO29-N4",1,0.4
"0","REVO29-P4",1401,0.4
"1","REVO29-P4",521,0.4
"2","REVO29-P4",1122,0.4
"3","REVO29-P4",348,0.4
"4","REVO29-P4",605,0.4
"5","REVO29-P4",1019,0.4
"6","REVO29-P4",1162,0.4
"7","REVO29-P4",720,0.4
"8","REVO29-P4",371,0.4
"9","REVO29-P4",343,0.4
"10","REVO29-P4",356,0.4
"11","REVO29-P4",538,0.4
"12","REVO29-P4",160,0.4
"13","REVO29-P4",303,0.4
"14","REVO29-P4",309,0.4
"15","REVO29-P4",191,0.4
"16","REVO29-P4",146,0.4
"17","REVO29-P4",215,0.4
"18","REVO29-P4",127,0.4
"19","REVO29-P4",166,0.4
"20","REVO29-P4",226,0.4
"21","REVO29-P4",129,0.4
"22","REVO29-P4",189,0.4
"23","REVO29-P4",145,0.4
"24","REVO29-P4",128,0.4
"25","REVO29-P4",145,0.4
"26","REVO29-P4",68,0.4
"27","REVO29-P4",22,0.4
"28","REVO29-P4",53,0.4
"29","REVO29-P4",61,0.4
"30","REVO29-P4",27,0.4
"31","REVO29-P4",71,0.4
"32","REVO29-P4",104,0.4
"33","REVO29-P4",1,0.4
"34","REVO29-P4",14,0.4
"35","REVO29-P4",1,0.4
"36","REVO29-P4",1,0.4
"0","REVO30-C",1238,0.4
"1","REVO30-C",851,0.4
"2","REVO30-C",1094,0.4
"3","REVO30-C",1131,0.4
"4","REVO30-C",848,0.4
"5","REVO30-C",860,0.4
"6","REVO30-C",1392,0.4
"7","REVO30-C",347,0.4
"8","REVO30-C",447,0.4
"9","REVO30-C",442,0.4
"10","REVO30-C",285,0.4
"11","REVO30-C",222,0.4
"12","REVO30-C",230,0.4
"13","REVO30-C",332,0.4
"14","REVO30-C",412,0.4
"15","REVO30-C",175,0.4
"16","REVO30-C",160,0.4
"17","REVO30-C",158,0.4
"18","REVO30-C",276,0.4
"19","REVO30-C",245,0.4
"20","REVO30-C",224,0.4
"21","REVO30-C",129,0.4
"22","REVO30-C",76,0.4
"23","REVO30-C",46,0.4
"24","REVO30-C",119,0.4
"25","REVO30-C",52,0.4
"26","REVO30-C",176,0.4
"27","REVO30-C",54,0.4
"28","REVO30-C",107,0.4
"29","REVO30-C",63,0.4
"30","REVO30-C",31,0.4
"31","REVO30-C",28,0.4
"32","REVO30-C",15,0.4
"33","REVO30-C",150,0.4
"34","REVO30-C",7,0.4
"35","REVO30-C",0,0.4
"36","REVO30-C",1,0.4
"0","REVO30-N10",1583,0.4
"1","REVO30-N10",1689,0.4
"2","REVO30-N10",1170,0.4
"3","REVO30-N10",1046,0.4
"4","REVO30-N10",827,0.4
"5","REVO30-N10",955,0.4
"6","REVO30-N10",463,0.4
"7","REVO30-N10",367,0.4
"8","REVO30-N10",623,0.4
"9","REVO30-N10",315,0.4
"10","REVO30-N10",460,0.4
"11","REVO30-N10",335,0.4
"12","REVO30-N10",415,0.4
"13","REVO30-N10",232,0.4
"14","REVO30-N10",21,0.4
"15","REVO30-N10",101,0.4
"16","REVO30-N10",335,0.4
"17","REVO30-N10",267,0.4
"18","REVO30-N10",381,0.4
"19","REVO30-N10",60,0.4
"20","REVO30-N10",72,0.4
"21","REVO30-N10",191,0.4
"22","REVO30-N10",100,0.4
"23","REVO30-N10",56,0.4
"24","REVO30-N10",132,0.4
"25","REVO30-N10",46,0.4
"26","REVO30-N10",61,0.4
"27","REVO30-N10",42,0.4
"28","REVO30-N10",28,0.4
"29","REVO30-N10",47,0.4
"30","REVO30-N10",49,0.4
"31","REVO30-N10",37,0.4
"32","REVO30-N10",17,0.4
"33","REVO30-N10",51,0.4
"34","REVO30-N10",16,0.4
"35","REVO30-N10",0,0.4
"36","REVO30-N10",1,0.4
"0","REVO30-N4",2105,0.4
"1","REVO30-N4",784,0.4
"2","REVO30-N4",1226,0.4
"3","REVO30-N4",385,0.4
"4","REVO30-N4",817,0.4
"5","REVO30-N4",869,0.4
"6","REVO30-N4",692,0.4
"7","REVO30-N4",458,0.4
"8","REVO30-N4",662,0.4
"9","REVO30-N4",186,0.4
"10","REVO30-N4",301,0.4
"11","REVO30-N4",285,0.4
"12","REVO30-N4",265,0.4
"13","REVO30-N4",207,0.4
"14","REVO30-N4",304,0.4
"15","REVO30-N4",153,0.4
"16","REVO30-N4",701,0.4
"17","REVO30-N4",194,0.4
"18","REVO30-N4",315,0.4
"19","REVO30-N4",58,0.4
"20","REVO30-N4",177,0.4
"21","REVO30-N4",223,0.4
"22","REVO30-N4",159,0.4
"23","REVO30-N4",79,0.4
"24","REVO30-N4",111,0.4
"25","REVO30-N4",82,0.4
"26","REVO30-N4",127,0.4
"27","REVO30-N4",33,0.4
"28","REVO30-N4",47,0.4
"29","REVO30-N4",68,0.4
"30","REVO30-N4",30,0.4
"31","REVO30-N4",44,0.4
"32","REVO30-N4",56,0.4
"33","REVO30-N4",6,0.4
"34","REVO30-N4",14,0.4
"35","REVO30-N4",3,0.4
"36","REVO30-N4",0,0.4
"0","REVO30-P10",1891,0.4
"1","REVO30-P10",1887,0.4
"2","REVO30-P10",1220,0.4
"3","REVO30-P10",1429,0.4
"4","REVO30-P10",1421,0.4
"5","REVO30-P10",1134,0.4
"6","REVO30-P10",614,0.4
"7","REVO30-P10",563,0.4
"8","REVO30-P10",171,0.4
"9","REVO30-P10",593,0.4
"10","REVO30-P10",454,0.4
"11","REVO30-P10",384,0.4
"12","REVO30-P10",288,0.4
"13","REVO30-P10",113,0.4
"14","REVO30-P10",5,0.4
"15","REVO30-P10",128,0.4
"16","REVO30-P10",759,0.4
"17","REVO30-P10",137,0.4
"18","REVO30-P10",416,0.4
"19","REVO30-P10",113,0.4
"20","REVO30-P10",65,0.4
"21","REVO30-P10",178,0.4
"22","REVO30-P10",92,0.4
"23","REVO30-P10",44,0.4
"24","REVO30-P10",137,0.4
"25","REVO30-P10",74,0.4
"26","REVO30-P10",51,0.4
"27","REVO30-P10",62,0.4
"28","REVO30-P10",30,0.4
"29","REVO30-P10",82,0.4
"30","REVO30-P10",37,0.4
"31","REVO30-P10",48,0.4
"32","REVO30-P10",34,0.4
"33","REVO30-P10",1,0.4
"34","REVO30-P10",5,0.4
"35","REVO30-P10",1,0.4
"36","REVO30-P10",3,0.4
"0","REVO30-P4",1967,0.4
"1","REVO30-P4",901,0.4
"2","REVO30-P4",1071,0.4
"3","REVO30-P4",504,0.4
"4","REVO30-P4",663,0.4
"5","REVO30-P4",754,0.4
"6","REVO30-P4",688,0.4
"7","REVO30-P4",342,0.4
"8","REVO30-P4",636,0.4
"9","REVO30-P4",389,0.4
"10","REVO30-P4",565,0.4
"11","REVO30-P4",433,0.4
"12","REVO30-P4",389,0.4
"13","REVO30-P4",253,0.4
"14","REVO30-P4",238,0.4
"15","REVO30-P4",91,0.4
"16","REVO30-P4",288,0.4
"17","REVO30-P4",214,0.4
"18","REVO30-P4",482,0.4
"19","REVO30-P4",77,0.4
"20","REVO30-P4",164,0.4
"21","REVO30-P4",217,0.4
"22","REVO30-P4",147,0.4
"23","REVO30-P4",35,0.4
"24","REVO30-P4",158,0.4
"25","REVO30-P4",54,0.4
"26","REVO30-P4",60,0.4
"27","REVO30-P4",37,0.4
"28","REVO30-P4",37,0.4
"29","REVO30-P4",61,0.4
"30","REVO30-P4",36,0.4
"31","REVO30-P4",37,0.4
"32","REVO30-P4",9,0.4
"33","REVO30-P4",3,0.4
"34","REVO30-P4",17,0.4
"35","REVO30-P4",1,0.4
"36","REVO30-P4",2,0.4
"0","REVO31-C",945,0.4
"1","REVO31-C",669,0.4
"2","REVO31-C",916,0.4
"3","REVO31-C",504,0.4
"4","REVO31-C",1237,0.4
"5","REVO31-C",732,0.4
"6","REVO31-C",783,0.4
"7","REVO31-C",367,0.4
"8","REVO31-C",154,0.4
"9","REVO31-C",382,0.4
"10","REVO31-C",240,0.4
"11","REVO31-C",233,0.4
"12","REVO31-C",173,0.4
"13","REVO31-C",92,0.4
"14","REVO31-C",159,0.4
"15","REVO31-C",254,0.4
"16","REVO31-C",113,0.4
"17","REVO31-C",96,0.4
"18","REVO31-C",66,0.4
"19","REVO31-C",88,0.4
"20","REVO31-C",126,0.4
"21","REVO31-C",55,0.4
"22","REVO31-C",71,0.4
"23","REVO31-C",126,0.4
"24","REVO31-C",165,0.4
"25","REVO31-C",75,0.4
"26","REVO31-C",50,0.4
"27","REVO31-C",46,0.4
"28","REVO31-C",40,0.4
"29","REVO31-C",70,0.4
"30","REVO31-C",27,0.4
"31","REVO31-C",24,0.4
"32","REVO31-C",23,0.4
"33","REVO31-C",5,0.4
"34","REVO31-C",10,0.4
"35","REVO31-C",4,0.4
"36","REVO31-C",1,0.4
"0","REVO31-N4",938,0.4
"1","REVO31-N4",1478,0.4
"2","REVO31-N4",1112,0.4
"3","REVO31-N4",526,0.4
"4","REVO31-N4",698,0.4
"5","REVO31-N4",391,0.4
"6","REVO31-N4",509,0.4
"7","REVO31-N4",239,0.4
"8","REVO31-N4",831,0.4
"9","REVO31-N4",232,0.4
"10","REVO31-N4",325,0.4
"11","REVO31-N4",162,0.4
"12","REVO31-N4",268,0.4
"13","REVO31-N4",354,0.4
"14","REVO31-N4",92,0.4
"15","REVO31-N4",159,0.4
"16","REVO31-N4",70,0.4
"17","REVO31-N4",192,0.4
"18","REVO31-N4",152,0.4
"19","REVO31-N4",85,0.4
"20","REVO31-N4",153,0.4
"21","REVO31-N4",209,0.4
"22","REVO31-N4",120,0.4
"23","REVO31-N4",184,0.4
"24","REVO31-N4",189,0.4
"25","REVO31-N4",58,0.4
"26","REVO31-N4",49,0.4
"27","REVO31-N4",32,0.4
"28","REVO31-N4",60,0.4
"29","REVO31-N4",41,0.4
"30","REVO31-N4",30,0.4
"31","REVO31-N4",17,0.4
"32","REVO31-N4",33,0.4
"33","REVO31-N4",18,0.4
"34","REVO31-N4",18,0.4
"35","REVO31-N4",0,0.4
"36","REVO31-N4",3,0.4
"0","REVO31-N8",986,0.4
"1","REVO31-N8",1128,0.4
"2","REVO31-N8",1248,0.4
"3","REVO31-N8",1318,0.4
"4","REVO31-N8",1257,0.4
"5","REVO31-N8",435,0.4
"6","REVO31-N8",449,0.4
"7","REVO31-N8",350,0.4
"8","REVO31-N8",337,0.4
"9","REVO31-N8",489,0.4
"10","REVO31-N8",530,0.4
"11","REVO31-N8",402,0.4
"12","REVO31-N8",269,0.4
"13","REVO31-N8",201,0.4
"14","REVO31-N8",22,0.4
"15","REVO31-N8",166,0.4
"16","REVO31-N8",612,0.4
"17","REVO31-N8",191,0.4
"18","REVO31-N8",186,0.4
"19","REVO31-N8",154,0.4
"20","REVO31-N8",114,0.4
"21","REVO31-N8",134,0.4
"22","REVO31-N8",104,0.4
"23","REVO31-N8",230,0.4
"24","REVO31-N8",111,0.4
"25","REVO31-N8",121,0.4
"26","REVO31-N8",32,0.4
"27","REVO31-N8",166,0.4
"28","REVO31-N8",49,0.4
"29","REVO31-N8",33,0.4
"30","REVO31-N8",30,0.4
"31","REVO31-N8",29,0.4
"32","REVO31-N8",141,0.4
"33","REVO31-N8",5,0.4
"34","REVO31-N8",17,0.4
"35","REVO31-N8",0,0.4
"36","REVO31-N8",0,0.4
"0","REVO31-P10",937,0.4
"1","REVO31-P10",2092,0.4
"2","REVO31-P10",1072,0.4
"3","REVO31-P10",1087,0.4
"4","REVO31-P10",1245,0.4
"5","REVO31-P10",394,0.4
"6","REVO31-P10",484,0.4
"7","REVO31-P10",311,0.4
"8","REVO31-P10",293,0.4
"9","REVO31-P10",308,0.4
"10","REVO31-P10",533,0.4
"11","REVO31-P10",226,0.4
"12","REVO31-P10",213,0.4
"13","REVO31-P10",105,0.4
"14","REVO31-P10",12,0.4
"15","REVO31-P10",158,0.4
"16","REVO31-P10",14,0.4
"17","REVO31-P10",123,0.4
"18","REVO31-P10",235,0.4
"19","REVO31-P10",154,0.4
"20","REVO31-P10",85,0.4
"21","REVO31-P10",128,0.4
"22","REVO31-P10",84,0.4
"23","REVO31-P10",125,0.4
"24","REVO31-P10",87,0.4
"25","REVO31-P10",63,0.4
"26","REVO31-P10",36,0.4
"27","REVO31-P10",35,0.4
"28","REVO31-P10",62,0.4
"29","REVO31-P10",25,0.4
"30","REVO31-P10",32,0.4
"31","REVO31-P10",32,0.4
"32","REVO31-P10",6,0.4
"33","REVO31-P10",5,0.4
"34","REVO31-P10",5,0.4
"35","REVO31-P10",0,0.4
"36","REVO31-P10",4,0.4
"0","REVO31-P4",1309,0.4
"1","REVO31-P4",1569,0.4
"2","REVO31-P4",1416,0.4
"3","REVO31-P4",567,0.4
"4","REVO31-P4",1010,0.4
"5","REVO31-P4",601,0.4
"6","REVO31-P4",866,0.4
"7","REVO31-P4",385,0.4
"8","REVO31-P4",244,0.4
"9","REVO31-P4",370,0.4
"10","REVO31-P4",537,0.4
"11","REVO31-P4",450,0.4
"12","REVO31-P4",270,0.4
"13","REVO31-P4",236,0.4
"14","REVO31-P4",121,0.4
"15","REVO31-P4",207,0.4
"16","REVO31-P4",37,0.4
"17","REVO31-P4",200,0.4
"18","REVO31-P4",192,0.4
"19","REVO31-P4",123,0.4
"20","REVO31-P4",203,0.4
"21","REVO31-P4",183,0.4
"22","REVO31-P4",171,0.4
"23","REVO31-P4",140,0.4
"24","REVO31-P4",155,0.4
"25","REVO31-P4",98,0.4
"26","REVO31-P4",63,0.4
"27","REVO31-P4",71,0.4
"28","REVO31-P4",60,0.4
"29","REVO31-P4",53,0.4
"30","REVO31-P4",49,0.4
"31","REVO31-P4",24,0.4
"32","REVO31-P4",13,0.4
"33","REVO31-P4",9,0.4
"34","REVO31-P4",14,0.4
"35","REVO31-P4",1,0.4
"36","REVO31-P4",3,0.4
