"resolution","cluster","n_cells","n_diagnostic","mean_silhouette","diagnostic_status"
0.1,"0",66714,14757,0.0308694232592708,"represented"
0.1,"1",23795,5306,0.485047534630063,"represented"
0.1,"2",21618,4703,0.653742531562819,"represented"
0.1,"3",17532,3875,0.086172042323647,"represented"
0.1,"4",16725,3718,0.481220550220686,"represented"
0.1,"5",15894,3472,0.531819519897332,"represented"
0.1,"6",11753,2606,0.554080322250159,"represented"
0.1,"7",8675,1874,0.562256373570293,"represented"
0.1,"8",7343,1605,0.269306925892532,"represented"
0.1,"9",7321,1614,0.442573975272006,"represented"
0.1,"10",6543,1460,0.234593799262109,"represented"
0.1,"11",6320,1430,0.723400101555832,"represented"
0.1,"12",6036,1343,0.26133522452338,"represented"
0.1,"13",4782,1018,0.751009126783265,"represented"
0.1,"14",2857,618,0.318844381719966,"represented"
0.1,"15",2830,601,0.723342063981959,"represented"
0.2,"0",38897,8589,-0.00230842043223292,"represented"
0.2,"1",26603,5903,0.301078464544356,"represented"
0.2,"2",24964,5563,0.289504345322865,"represented"
0.2,"3",21618,4703,0.635441060905557,"represented"
0.2,"4",16724,3718,0.357327715815236,"represented"
0.2,"5",15894,3472,0.465018220689546,"represented"
0.2,"6",14270,3150,0.0847874628200706,"represented"
0.2,"7",11555,2560,0.377515167546514,"represented"
0.2,"8",8675,1874,0.5612493234748,"represented"
0.2,"9",7365,1610,0.259181208599919,"represented"
0.2,"10",7322,1614,0.44009866267946,"represented"
0.2,"11",6545,1460,0.230442996685055,"represented"
0.2,"12",6317,1430,0.720465981863994,"represented"
0.2,"13",4782,1018,0.729823928434737,"represented"
0.2,"14",3439,783,0.283339725267102,"represented"
0.2,"15",3261,726,0.30691102945684,"represented"
0.2,"16",2873,622,0.307640815818465,"represented"
0.2,"17",2838,602,0.719357926500796,"represented"
0.2,"18",2331,505,0.0879438908025865,"represented"
0.2,"19",267,52,0.44892160002751,"represented"
0.2,"20",198,46,0.471897528456844,"represented"
0.3,"0",29599,6500,0.13724138610211,"represented"
0.3,"1",28348,6290,0.223331152220096,"represented"
0.3,"2",23716,5289,0.315996021415202,"represented"
0.3,"3",20942,4547,0.491678601698937,"represented"
0.3,"4",16723,3717,0.34911930200684,"represented"
0.3,"5",15869,3467,0.396768452917657,"represented"
0.3,"6",11554,2560,0.372661392266231,"represented"
0.3,"7",8911,1999,0.356900710694156,"represented"
0.3,"8",8675,1874,0.544977395223065,"represented"
0.3,"9",7436,1651,0.373746465885177,"represented"
0.3,"10",7360,1609,0.253724582957417,"represented"
0.3,"11",7322,1614,0.411872745831854,"represented"
0.3,"12",6827,1496,0.365021989984389,"represented"
0.3,"13",6318,1430,0.696895783068478,"represented"
0.3,"14",5954,1332,0.291171022126011,"represented"
0.3,"15",4782,1018,0.729740934522482,"represented"
0.3,"16",3438,783,0.250504244784637,"represented"
0.3,"17",3267,730,0.301694160272512,"represented"
0.3,"18",2835,601,0.708692670889731,"represented"
0.3,"19",2795,606,0.345049452092744,"represented"
0.3,"20",2334,505,0.083965749417127,"represented"
0.3,"21",677,156,0.196580776892191,"represented"
0.3,"22",590,128,0.699642053567406,"represented"
0.3,"23",267,52,0.448866170878095,"represented"
0.3,"24",199,46,0.471897528456844,"represented"
0.4,"0",27697,6157,0.222695453185127,"represented"
0.4,"1",23785,5303,0.316015095299785,"represented"
0.4,"2",22931,5098,0.0771446069318225,"represented"
0.4,"3",20942,4547,0.491829986323293,"represented"
0.4,"4",16724,3718,0.351020677008655,"represented"
0.4,"5",15990,3476,0.301277369816425,"represented"
0.4,"6",15960,3488,0.392463262594779,"represented"
0.4,"7",11552,2560,0.375796433079476,"represented"
0.4,"8",8675,1874,0.556936649934442,"represented"
0.4,"9",7436,1651,0.373928200713587,"represented"
0.4,"10",7354,1609,0.247891946369756,"represented"
0.4,"11",7325,1614,0.431565401704394,"represented"
0.4,"12",6827,1496,0.36570445908104,"represented"
0.4,"13",6318,1430,0.712084452915279,"represented"
0.4,"14",5956,1333,0.294505770031706,"represented"
0.4,"15",4782,1018,0.729812103393073,"represented"
0.4,"16",3439,783,0.270116120194889,"represented"
0.4,"17",3268,731,0.300703430751898,"represented"
0.4,"18",2876,624,0.296539976367041,"represented"
0.4,"19",2830,601,0.71829201763241,"represented"
0.4,"20",2336,507,0.0796832721791012,"represented"
0.4,"21",677,156,0.196583897391801,"represented"
0.4,"22",590,128,0.699645842723409,"represented"
0.4,"23",267,52,0.448893093598627,"represented"
0.4,"24",201,46,0.471897528456844,"represented"
0.6,"0",26653,5932,0.148724829178401,"represented"
0.6,"1",20942,4546,0.491827218465461,"represented"
0.6,"2",17501,3815,0.163585547756913,"represented"
0.6,"3",16723,3717,0.346500828317829,"represented"
0.6,"4",15934,3482,0.318922845907878,"represented"
0.6,"5",13452,3041,0.242132519635466,"represented"
0.6,"6",11786,2593,0.286267399729867,"represented"
0.6,"7",11550,2559,0.37238130323813,"represented"
0.6,"8",11205,2456,0.187231590962395,"represented"
0.6,"9",9749,2191,0.236899035250829,"represented"
0.6,"10",8675,1874,0.545865012364204,"represented"
0.6,"11",7323,1614,0.412837979290751,"represented"
0.6,"12",6829,1497,0.212452004959135,"represented"
0.6,"13",6558,1455,0.523402433700109,"represented"
0.6,"14",6318,1430,0.69774245359607,"represented"
0.6,"15",5959,1333,0.288503741388299,"represented"
0.6,"16",5012,1090,0.188968444717495,"represented"
0.6,"17",4782,1018,0.729639606980022,"represented"
0.6,"18",3438,783,0.254725250247598,"represented"
0.6,"19",3269,731,0.297279737904471,"represented"
0.6,"20",2877,624,0.295869763075641,"represented"
0.6,"21",2833,601,0.709381427273214,"represented"
0.6,"22",2409,520,0.0501408973713783,"represented"
0.6,"23",2349,520,0.170289664655593,"represented"
0.6,"24",877,196,0.206022135351119,"represented"
0.6,"25",677,156,0.195690343414702,"represented"
0.6,"26",590,128,0.699592006342285,"represented"
0.6,"27",267,52,0.449063838112542,"represented"
0.6,"28",201,46,0.471805601800205,"represented"
0.8,"0",20279,4522,0.214101633643275,"represented"
0.8,"1",17393,3802,0.155559337422706,"represented"
0.8,"2",15727,3509,0.186809345829788,"represented"
0.8,"3",15264,3329,0.293896005232926,"represented"
0.8,"4",13735,2948,0.50153765302489,"represented"
0.8,"5",11948,2631,0.263734773141944,"represented"
0.8,"6",11900,2646,0.0258034853851124,"represented"
0.8,"7",11551,2559,0.372214360945897,"represented"
0.8,"8",11370,2495,0.120392969661781,"represented"
0.8,"9",9723,2186,0.221290487214869,"represented"
0.8,"10",8675,1874,0.545827007338438,"represented"
0.8,"11",7733,1749,0.351884677438713,"represented"
0.8,"12",7324,1614,0.412313309738438,"represented"
0.8,"13",7197,1597,0.191177775326334,"represented"
0.8,"14",6835,1498,0.210347854318529,"represented"
0.8,"15",6558,1455,0.52321359369231,"represented"
0.8,"16",6318,1430,0.69768955675448,"represented"
0.8,"17",5958,1334,0.28672439871212,"represented"
0.8,"18",5035,1094,0.183342212985401,"represented"
0.8,"19",4782,1018,0.729642538515358,"represented"
0.8,"20",3438,783,0.250588597548912,"represented"
0.8,"21",3269,731,0.296461498307275,"represented"
0.8,"22",2871,622,0.300638552006672,"represented"
0.8,"23",2833,601,0.709298136419404,"represented"
0.8,"24",2406,519,0.0501808352350033,"represented"
0.8,"25",2349,520,0.170006992619702,"represented"
0.8,"26",997,209,0.305289511535332,"represented"
0.8,"27",879,196,0.206527110216053,"represented"
0.8,"28",678,156,0.138762443427547,"represented"
0.8,"29",655,147,0.282450734525414,"represented"
0.8,"30",590,128,0.698921932802538,"represented"
0.8,"31",267,52,0.444118392016758,"represented"
0.8,"32",201,46,0.471805601800205,"represented"
1,"0",19102,4273,0.225935517305295,"represented"
1,"1",15839,3444,0.2134467133288,"represented"
1,"2",15724,3508,0.18606061252738,"represented"
1,"3",15257,3330,0.336936141174636,"represented"
1,"4",14031,3001,0.492584004797253,"represented"
1,"5",12405,2770,0.0177433502341888,"represented"
1,"6",12374,2734,0.253817187635726,"represented"
1,"7",11550,2559,0.372409847385561,"represented"
1,"8",11340,2481,0.119119430714345,"represented"
1,"9",10155,2266,0.198675381057761,"represented"
1,"10",8675,1874,0.546214227988615,"represented"
1,"11",7884,1785,0.352014007649287,"represented"
1,"12",6903,1545,0.198248795674457,"represented"
1,"13",6856,1498,0.356529834715482,"represented"
1,"14",6318,1430,0.698155762639107,"represented"
1,"15",5249,1153,0.489894260142475,"represented"
1,"16",5033,1094,0.182597708835193,"represented"
1,"17",4782,1018,0.729698458117037,"represented"
1,"18",3896,864,0.561291700227008,"represented"
1,"19",3439,783,0.25591867349806,"represented"
1,"20",3427,750,0.466060810162563,"represented"
1,"21",3271,732,0.296048942520223,"represented"
1,"22",2991,665,0.23182246660807,"represented"
1,"23",2888,629,0.270094081298728,"represented"
1,"24",2830,601,0.709503124429025,"represented"
1,"25",2412,520,0.0480190131376822,"represented"
1,"26",2351,520,0.170007459444462,"represented"
1,"27",2165,496,-0.104011014266343,"represented"
1,"28",1875,415,-0.0213101471517193,"represented"
1,"29",1605,368,0.265087047070865,"represented"
1,"30",1376,302,0.356027585974956,"represented"
1,"31",999,210,0.304372669052377,"represented"
1,"32",678,156,0.139191023601511,"represented"
1,"33",590,128,0.693946746913184,"represented"
1,"34",267,52,0.444101005998492,"represented"
1,"35",201,46,0.471805601800205,"represented"
