"sample_id","n_cells","bd_expected_rate","doubletfinder_n_exp","doubletfinder_homotypic","doubletfinder_n_exp_adjusted","doubletfinder_pK","doubletfinder_pK_at_boundary","doubletfinder_calls","doubletfinder_call_rate","scrublet_automatic_threshold","scrublet_automatic_available","scrublet_automatic_calls","scrublet_automatic_call_rate","scrublet_current_threshold","scrublet_current_calls","scrublet_current_call_rate","simulated_fraction_above_automatic","simulated_fraction_above_current"
"REVO26-C",11604,0.027208,316,0.092899653877272,287,0.07,FALSE,287,0.0247328507411237,0.487524146264908,TRUE,1,8.61771802826612e-05,0.15,254,0.0218890037917959,0.00180972078593588,0.248664253705619
"REVO26-N10",15279,0.035837,548,0.087624340034055,500,0.3,TRUE,500,0.0327246547548923,0.602571857813039,TRUE,0,0,0.15,361,0.0236272007330323,0.00124353688068591,0.24916552130375
"REVO26-N4",12587,0.029761,375,0.0720709073397655,348,0.01,FALSE,348,0.027647572892667,0.520472701162173,TRUE,0,0,0.15,233,0.0185111623103202,0.00373401128148089,0.245411932946691
"REVO26-P10",11899,0.027798,331,0.0909160278973796,301,0.3,TRUE,301,0.0252962433817968,0.499153889724629,TRUE,1,8.40406756870325e-05,0.15,232,0.0194974367593915,0.00142869148667955,0.233927220774855
"REVO26-P4",14596,0.034192,499,0.0938480481819238,452,0.01,FALSE,452,0.0309673883255687,0.579258946305744,TRUE,0,0,0.15,385,0.0263770896135928,0.000685119210742669,0.294087421211291
"REVO27-C",11245,0.02649,298,0.0883966056946213,272,0.3,TRUE,272,0.024188528234771,0.478055863974022,TRUE,2,0.000177856825255669,0.15,189,0.0168074699866607,0.00320142285460205,0.201333926189418
"REVO27-N10",12264,0.028792,353,0.0815881334706898,324,0.04,FALSE,324,0.0264187866927593,0.512734013203571,TRUE,0,0,0.15,191,0.0155740378343118,0.00289465101108937,0.185339204174821
"REVO27-N4",11895,0.02779,331,0.108779443784509,295,0.22,FALSE,295,0.0248003362757461,0.496308254471248,TRUE,4,0.000336275746111812,0.15,254,0.0213535098781,0.00680958385876419,0.265237494745691
"REVO27-P10",12805,0.030415,389,0.083286439536001,357,0.3,TRUE,357,0.0278797344787193,0.534606356616389,TRUE,2,0.000156188988676298,0.15,279,0.0217883639203436,0.00425614994142913,0.264779383053495
"REVO27-P4",12307,0.028921,356,0.101017627171243,320,0.005,FALSE,320,0.0260014625822703,0.513563382573623,TRUE,1,8.12545705695945e-05,0.15,225,0.0182822783781588,0.00207199154952466,0.201714471439018
"REVO29-C",13952,0.032904,459,0.0762705504718668,424,0.005,FALSE,424,0.0303899082568807,0.562539759021883,TRUE,0,0,0.15,336,0.0240825688073395,0.00107511467889908,0.256271502293578
"REVO29-N4",10634,0.025268,269,0.11784863360517,237,0.27,FALSE,237,0.0222870039495956,0.457444853219819,TRUE,6,0.000564227948091029,0.15,201,0.0189016362610495,0.0164096294903141,0.281784841075795
"REVO29-P4",12991,0.030973,402,0.110835831993989,357,0.23,FALSE,357,0.0274805634670156,0.528699720886511,TRUE,0,0,0.15,281,0.0216303594796397,0.00500346393657147,0.264259872219229
"REVO30-C",13833,0.032666,452,0.0953064487385332,409,0.3,TRUE,409,0.0295669775175305,0.474206366532167,TRUE,1,7.22908985758693e-05,0.15,260,0.018795633629726,0.00166269066724499,0.21770404106123
"REVO30-N10",14267,0.033534,478,0.100849405073629,430,0.28,FALSE,430,0.0301394827223663,0.564687293686774,TRUE,2,0.000140183640569146,0.15,322,0.0225695661316324,0.00406532557650522,0.258849092310927
"REVO30-N4",13852,0.032704,453,0.0994625207079602,408,0.01,FALSE,408,0.0294542304360381,0.552953827521377,TRUE,1,7.21917412647993e-05,0.15,298,0.0215131388969102,0.00212965636731158,0.237113774184233
"REVO30-P10",17082,0.04,683,0.0871013761030169,624,0.3,TRUE,624,0.0365296803652968,0.632505100146677,TRUE,1,5.85411544315654e-05,0.15,660,0.0386371619248332,0.00327830464816766,0.361286734574406
"REVO30-P4",13422,0.031844,427,0.107498823036907,381,0.26,FALSE,381,0.0283862315601252,0.458919337060124,TRUE,5,0.000372522723886157,0.15,316,0.0235434361496051,0.00551333631351512,0.26184622261958
"REVO31-C",10417,0.024834,259,0.15069430421022,220,0.28,FALSE,220,0.0211193241816262,0.44676469185444,TRUE,2,0.000191993856196602,0.15,180,0.0172794470576942,0.00859172506479793,0.194249784006912
"REVO31-N4",11871,0.027742,329,0.0904349207437965,299,0.3,TRUE,299,0.0251874315558925,0.496056546991521,TRUE,1,8.42389015247241e-05,0.15,225,0.0189537528430629,0.00261140594726645,0.210849970516384
"REVO31-N8",14242,0.033484,477,0.0891670415698973,434,0.29,FALSE,434,0.0304732481393063,0.564421879228863,TRUE,2,0.000140429714927679,0.15,337,0.0236624069653139,0.0044586434489538,0.242346580536442
"REVO31-P10",12643,0.029929,378,0.0957513842011229,342,0.005,FALSE,342,0.0270505418017876,0.515441264642888,TRUE,5,0.000395475757336075,0.15,294,0.0232539745313612,0.0136439136280946,0.265759708929843
"REVO31-P4",13706,0.032412,444,0.0887294458140983,405,0.21,FALSE,405,0.0295491025828104,0.557539126750278,TRUE,0,0,0.15,375,0.0273602801692689,0.00171457755727419,0.256566467240625
