"method_a","resolution_a","method_b","resolution_b","cluster_a","cluster_b","Freq"
"cca",0.1,"cca",0.2,"0","0",38893
"cca",0.1,"cca",0.2,"12","0",4
"cca",0.1,"cca",0.2,"0","1",26506
"cca",0.1,"cca",0.2,"1","1",94
"cca",0.1,"cca",0.2,"2","1",1
"cca",0.1,"cca",0.2,"12","1",1
"cca",0.1,"cca",0.2,"14","1",1
"cca",0.1,"cca",0.2,"0","2",1277
"cca",0.1,"cca",0.2,"1","2",23684
"cca",0.1,"cca",0.2,"11","2",3
"cca",0.1,"cca",0.2,"2","3",21617
"cca",0.1,"cca",0.2,"3","3",1
"cca",0.1,"cca",0.2,"4","4",16724
"cca",0.1,"cca",0.2,"0","5",2
"cca",0.1,"cca",0.2,"5","5",15892
"cca",0.1,"cca",0.2,"3","6",14269
"cca",0.1,"cca",0.2,"12","6",1
"cca",0.1,"cca",0.2,"6","7",11555
"cca",0.1,"cca",0.2,"7","8",8675
"cca",0.1,"cca",0.2,"0","9",21
"cca",0.1,"cca",0.2,"3","9",1
"cca",0.1,"cca",0.2,"8","9",7343
"cca",0.1,"cca",0.2,"4","10",1
"cca",0.1,"cca",0.2,"9","10",7321
"cca",0.1,"cca",0.2,"0","11",1
"cca",0.1,"cca",0.2,"1","11",1
"cca",0.1,"cca",0.2,"10","11",6543
"cca",0.1,"cca",0.2,"11","12",6317
"cca",0.1,"cca",0.2,"13","13",4782
"cca",0.1,"cca",0.2,"3","14",1
"cca",0.1,"cca",0.2,"12","14",3438
"cca",0.1,"cca",0.2,"3","15",3260
"cca",0.1,"cca",0.2,"12","15",1
"cca",0.1,"cca",0.2,"0","16",1
"cca",0.1,"cca",0.2,"1","16",16
"cca",0.1,"cca",0.2,"14","16",2856
"cca",0.1,"cca",0.2,"0","17",8
"cca",0.1,"cca",0.2,"15","17",2830
"cca",0.1,"cca",0.2,"0","18",5
"cca",0.1,"cca",0.2,"5","18",2
"cca",0.1,"cca",0.2,"12","18",2324
"cca",0.1,"cca",0.2,"12","19",267
"cca",0.1,"cca",0.2,"6","20",198
"cca",0.2,"cca",0.3,"0","0",29573
"cca",0.2,"cca",0.3,"1","0",7
"cca",0.2,"cca",0.3,"2","0",3
"cca",0.2,"cca",0.3,"5","0",1
"cca",0.2,"cca",0.3,"9","0",15
"cca",0.2,"cca",0.3,"0","1",554
"cca",0.2,"cca",0.3,"1","1",26483
"cca",0.2,"cca",0.3,"2","1",1272
"cca",0.2,"cca",0.3,"16","1",39
"cca",0.2,"cca",0.3,"1","2",6
"cca",0.2,"cca",0.3,"2","2",23670
"cca",0.2,"cca",0.3,"11","2",1
"cca",0.2,"cca",0.3,"16","2",39
"cca",0.2,"cca",0.3,"3","3",20941
"cca",0.2,"cca",0.3,"6","3",1
"cca",0.2,"cca",0.3,"4","4",16723
"cca",0.2,"cca",0.3,"0","5",12
"cca",0.2,"cca",0.3,"1","5",3
"cca",0.2,"cca",0.3,"5","5",15854
"cca",0.2,"cca",0.3,"7","6",11554
"cca",0.2,"cca",0.3,"0","7",8749
"cca",0.2,"cca",0.3,"1","7",99
"cca",0.2,"cca",0.3,"2","7",17
"cca",0.2,"cca",0.3,"5","7",39
"cca",0.2,"cca",0.3,"10","7",3
"cca",0.2,"cca",0.3,"14","7",1
"cca",0.2,"cca",0.3,"17","7",3
"cca",0.2,"cca",0.3,"8","8",8675
"cca",0.2,"cca",0.3,"6","9",7436
"cca",0.2,"cca",0.3,"0","10",6
"cca",0.2,"cca",0.3,"1","10",4
"cca",0.2,"cca",0.3,"9","10",7350
"cca",0.2,"cca",0.3,"0","11",1
"cca",0.2,"cca",0.3,"2","11",1
"cca",0.2,"cca",0.3,"6","11",1
"cca",0.2,"cca",0.3,"10","11",7319
"cca",0.2,"cca",0.3,"6","12",6827
"cca",0.2,"cca",0.3,"0","13",1
"cca",0.2,"cca",0.3,"12","13",6317
"cca",0.2,"cca",0.3,"11","14",5954
"cca",0.2,"cca",0.3,"13","15",4782
"cca",0.2,"cca",0.3,"14","16",3438
"cca",0.2,"cca",0.3,"4","17",1
"cca",0.2,"cca",0.3,"6","17",5
"cca",0.2,"cca",0.3,"15","17",3261
"cca",0.2,"cca",0.3,"17","18",2835
"cca",0.2,"cca",0.3,"16","19",2795
"cca",0.2,"cca",0.3,"0","20",1
"cca",0.2,"cca",0.3,"1","20",1
"cca",0.2,"cca",0.3,"2","20",1
"cca",0.2,"cca",0.3,"18","20",2331
"cca",0.2,"cca",0.3,"3","21",677
"cca",0.2,"cca",0.3,"11","22",590
"cca",0.2,"cca",0.3,"19","23",267
"cca",0.2,"cca",0.3,"7","24",1
"cca",0.2,"cca",0.3,"20","24",198
"cca",0.3,"cca",0.4,"0","0",111
"cca",0.3,"cca",0.4,"1","0",27583
"cca",0.3,"cca",0.4,"2","0",3
"cca",0.3,"cca",0.4,"1","1",132
"cca",0.3,"cca",0.4,"2","1",23652
"cca",0.3,"cca",0.4,"11","1",1
"cca",0.3,"cca",0.4,"0","2",13425
"cca",0.3,"cca",0.4,"1","2",586
"cca",0.3,"cca",0.4,"2","2",21
"cca",0.3,"cca",0.4,"5","2",11
"cca",0.3,"cca",0.4,"7","2",8874
"cca",0.3,"cca",0.4,"10","2",6
"cca",0.3,"cca",0.4,"11","2",1
"cca",0.3,"cca",0.4,"18","2",5
"cca",0.3,"cca",0.4,"20","2",2
"cca",0.3,"cca",0.4,"3","3",20942
"cca",0.3,"cca",0.4,"0","4",1
"cca",0.3,"cca",0.4,"4","4",16723
"cca",0.3,"cca",0.4,"0","5",15985
"cca",0.3,"cca",0.4,"1","5",5
"cca",0.3,"cca",0.4,"0","6",69
"cca",0.3,"cca",0.4,"5","6",15858
"cca",0.3,"cca",0.4,"7","6",33
"cca",0.3,"cca",0.4,"6","7",11552
"cca",0.3,"cca",0.4,"8","8",8675
"cca",0.3,"cca",0.4,"9","9",7436
"cca",0.3,"cca",0.4,"10","10",7354
"cca",0.3,"cca",0.4,"0","11",1
"cca",0.3,"cca",0.4,"1","11",1
"cca",0.3,"cca",0.4,"7","11",3
"cca",0.3,"cca",0.4,"11","11",7320
"cca",0.3,"cca",0.4,"12","12",6827
"cca",0.3,"cca",0.4,"13","13",6318
"cca",0.3,"cca",0.4,"0","14",2
"cca",0.3,"cca",0.4,"2","14",1
"cca",0.3,"cca",0.4,"14","14",5953
"cca",0.3,"cca",0.4,"15","15",4782
"cca",0.3,"cca",0.4,"7","16",1
"cca",0.3,"cca",0.4,"16","16",3438
"cca",0.3,"cca",0.4,"0","17",1
"cca",0.3,"cca",0.4,"17","17",3267
"cca",0.3,"cca",0.4,"1","18",41
"cca",0.3,"cca",0.4,"2","18",39
"cca",0.3,"cca",0.4,"14","18",1
"cca",0.3,"cca",0.4,"19","18",2795
"cca",0.3,"cca",0.4,"18","19",2830
"cca",0.3,"cca",0.4,"0","20",4
"cca",0.3,"cca",0.4,"20","20",2332
"cca",0.3,"cca",0.4,"21","21",677
"cca",0.3,"cca",0.4,"22","22",590
"cca",0.3,"cca",0.4,"23","23",267
"cca",0.3,"cca",0.4,"6","24",2
"cca",0.3,"cca",0.4,"24","24",199
"cca",0.4,"cca",0.6,"0","0",26212
"cca",0.4,"cca",0.6,"1","0",318
"cca",0.4,"cca",0.6,"2","0",122
"cca",0.4,"cca",0.6,"10","0",1
"cca",0.4,"cca",0.6,"0","1",1
"cca",0.4,"cca",0.6,"3","1",20941
"cca",0.4,"cca",0.6,"0","2",68
"cca",0.4,"cca",0.6,"2","2",1496
"cca",0.4,"cca",0.6,"4","2",1
"cca",0.4,"cca",0.6,"5","2",15934
"cca",0.4,"cca",0.6,"6","2",2
"cca",0.4,"cca",0.6,"4","3",16723
"cca",0.4,"cca",0.6,"2","4",10
"cca",0.4,"cca",0.6,"5","4",14
"cca",0.4,"cca",0.6,"6","4",15910
"cca",0.4,"cca",0.6,"0","5",1159
"cca",0.4,"cca",0.6,"1","5",12290
"cca",0.4,"cca",0.6,"5","5",3
"cca",0.4,"cca",0.6,"0","6",27
"cca",0.4,"cca",0.6,"2","6",11713
"cca",0.4,"cca",0.6,"5","6",39
"cca",0.4,"cca",0.6,"6","6",7
"cca",0.4,"cca",0.6,"7","7",11550
"cca",0.4,"cca",0.6,"0","8",32
"cca",0.4,"cca",0.6,"1","8",11173
"cca",0.4,"cca",0.6,"0","9",193
"cca",0.4,"cca",0.6,"2","9",9512
"cca",0.4,"cca",0.6,"6","9",40
"cca",0.4,"cca",0.6,"11","9",3
"cca",0.4,"cca",0.6,"16","9",1
"cca",0.4,"cca",0.6,"8","10",8675
"cca",0.4,"cca",0.6,"2","11",1
"cca",0.4,"cca",0.6,"11","11",7322
"cca",0.4,"cca",0.6,"3","12",1
"cca",0.4,"cca",0.6,"9","12",2
"cca",0.4,"cca",0.6,"12","12",6826
"cca",0.4,"cca",0.6,"9","13",6558
"cca",0.4,"cca",0.6,"13","14",6318
"cca",0.4,"cca",0.6,"0","15",2
"cca",0.4,"cca",0.6,"14","15",5956
"cca",0.4,"cca",0.6,"18","15",1
"cca",0.4,"cca",0.6,"0","16",2
"cca",0.4,"cca",0.6,"1","16",2
"cca",0.4,"cca",0.6,"2","16",2
"cca",0.4,"cca",0.6,"10","16",5006
"cca",0.4,"cca",0.6,"15","17",4782
"cca",0.4,"cca",0.6,"16","18",3438
"cca",0.4,"cca",0.6,"2","19",1
"cca",0.4,"cca",0.6,"17","19",3268
"cca",0.4,"cca",0.6,"1","20",2
"cca",0.4,"cca",0.6,"18","20",2875
"cca",0.4,"cca",0.6,"2","21",3
"cca",0.4,"cca",0.6,"19","21",2830
"cca",0.4,"cca",0.6,"0","22",1
"cca",0.4,"cca",0.6,"2","22",71
"cca",0.4,"cca",0.6,"6","22",1
"cca",0.4,"cca",0.6,"20","22",2336
"cca",0.4,"cca",0.6,"7","23",2
"cca",0.4,"cca",0.6,"10","23",2347
"cca",0.4,"cca",0.6,"9","24",876
"cca",0.4,"cca",0.6,"12","24",1
"cca",0.4,"cca",0.6,"21","25",677
"cca",0.4,"cca",0.6,"22","26",590
"cca",0.4,"cca",0.6,"23","27",267
"cca",0.4,"cca",0.6,"24","28",201
"cca",0.6,"cca",0.8,"0","0",20232
"cca",0.6,"cca",0.8,"1","0",1
"cca",0.6,"cca",0.8,"2","0",1
"cca",0.6,"cca",0.8,"4","0",3
"cca",0.6,"cca",0.8,"6","0",6
"cca",0.6,"cca",0.8,"9","0",35
"cca",0.6,"cca",0.8,"15","0",1
"cca",0.6,"cca",0.8,"0","1",51
"cca",0.6,"cca",0.8,"2","1",17337
"cca",0.6,"cca",0.8,"4","1",5
"cca",0.6,"cca",0.8,"2","2",1
"cca",0.6,"cca",0.8,"3","2",15726
"cca",0.6,"cca",0.8,"4","3",15264
"cca",0.6,"cca",0.8,"1","4",13734
"cca",0.6,"cca",0.8,"12","4",1
"cca",0.6,"cca",0.8,"0","5",99
"cca",0.6,"cca",0.8,"2","5",67
"cca",0.6,"cca",0.8,"4","5",5
"cca",0.6,"cca",0.8,"6","5",11773
"cca",0.6,"cca",0.8,"9","5",2
"cca",0.6,"cca",0.8,"22","5",2
"cca",0.6,"cca",0.8,"0","6",6182
"cca",0.6,"cca",0.8,"2","6",78
"cca",0.6,"cca",0.8,"5","6",5532
"cca",0.6,"cca",0.8,"8","6",107
"cca",0.6,"cca",0.8,"22","6",1
"cca",0.6,"cca",0.8,"5","7",1
"cca",0.6,"cca",0.8,"7","7",11550
"cca",0.6,"cca",0.8,"0","8",84
"cca",0.6,"cca",0.8,"5","8",174
"cca",0.6,"cca",0.8,"8","8",11096
"cca",0.6,"cca",0.8,"15","8",1
"cca",0.6,"cca",0.8,"20","8",15
"cca",0.6,"cca",0.8,"0","9",1
"cca",0.6,"cca",0.8,"2","9",1
"cca",0.6,"cca",0.8,"4","9",3
"cca",0.6,"cca",0.8,"6","9",7
"cca",0.6,"cca",0.8,"9","9",9711
"cca",0.6,"cca",0.8,"10","10",8675
"cca",0.6,"cca",0.8,"5","11",7731
"cca",0.6,"cca",0.8,"8","11",2
"cca",0.6,"cca",0.8,"0","12",1
"cca",0.6,"cca",0.8,"11","12",7323
"cca",0.6,"cca",0.8,"1","13",7197
"cca",0.6,"cca",0.8,"1","14",9
"cca",0.6,"cca",0.8,"12","14",6826
"cca",0.6,"cca",0.8,"13","15",6558
"cca",0.6,"cca",0.8,"14","16",6318
"cca",0.6,"cca",0.8,"0","17",2
"cca",0.6,"cca",0.8,"5","17",1
"cca",0.6,"cca",0.8,"15","17",5955
"cca",0.6,"cca",0.8,"2","18",15
"cca",0.6,"cca",0.8,"5","18",8
"cca",0.6,"cca",0.8,"16","18",5012
"cca",0.6,"cca",0.8,"17","19",4782
"cca",0.6,"cca",0.8,"18","20",3438
"cca",0.6,"cca",0.8,"19","21",3269
"cca",0.6,"cca",0.8,"0","22",1
"cca",0.6,"cca",0.8,"2","22",1
"cca",0.6,"cca",0.8,"5","22",5
"cca",0.6,"cca",0.8,"15","22",2
"cca",0.6,"cca",0.8,"20","22",2862
"cca",0.6,"cca",0.8,"21","23",2833
"cca",0.6,"cca",0.8,"22","24",2406
"cca",0.6,"cca",0.8,"23","25",2349
"cca",0.6,"cca",0.8,"3","26",997
"cca",0.6,"cca",0.8,"12","27",2
"cca",0.6,"cca",0.8,"24","27",877
"cca",0.6,"cca",0.8,"1","28",1
"cca",0.6,"cca",0.8,"25","28",677
"cca",0.6,"cca",0.8,"4","29",654
"cca",0.6,"cca",0.8,"9","29",1
"cca",0.6,"cca",0.8,"26","30",590
"cca",0.6,"cca",0.8,"27","31",267
"cca",0.6,"cca",0.8,"28","32",201
"cca",0.8,"cca",1,"0","0",19080
"cca",0.8,"cca",1,"1","0",6
"cca",0.8,"cca",1,"9","0",16
"cca",0.8,"cca",1,"1","1",15829
"cca",0.8,"cca",1,"6","1",10
"cca",0.8,"cca",1,"2","2",15724
"cca",0.8,"cca",1,"1","3",4
"cca",0.8,"cca",1,"3","3",15248
"cca",0.8,"cca",1,"5","3",1
"cca",0.8,"cca",1,"9","3",3
"cca",0.8,"cca",1,"29","3",1
"cca",0.8,"cca",1,"4","4",13709
"cca",0.8,"cca",1,"13","4",320
"cca",0.8,"cca",1,"14","4",2
"cca",0.8,"cca",1,"0","5",605
"cca",0.8,"cca",1,"1","5",36
"cca",0.8,"cca",1,"5","5",10
"cca",0.8,"cca",1,"6","5",11734
"cca",0.8,"cca",1,"8","5",20
"cca",0.8,"cca",1,"0","6",232
"cca",0.8,"cca",1,"1","6",94
"cca",0.8,"cca",1,"3","6",3
"cca",0.8,"cca",1,"5","6",11914
"cca",0.8,"cca",1,"9","6",131
"cca",0.8,"cca",1,"7","7",11550
"cca",0.8,"cca",1,"0","8",13
"cca",0.8,"cca",1,"6","8",19
"cca",0.8,"cca",1,"8","8",11304
"cca",0.8,"cca",1,"9","8",4
"cca",0.8,"cca",1,"0","9",14
"cca",0.8,"cca",1,"1","9",548
"cca",0.8,"cca",1,"3","9",10
"cca",0.8,"cca",1,"5","9",12
"cca",0.8,"cca",1,"9","9",9522
"cca",0.8,"cca",1,"12","9",1
"cca",0.8,"cca",1,"18","9",1
"cca",0.8,"cca",1,"23","9",3
"cca",0.8,"cca",1,"29","9",44
"cca",0.8,"cca",1,"10","10",8675
"cca",0.8,"cca",1,"6","11",136
"cca",0.8,"cca",1,"8","11",23
"cca",0.8,"cca",1,"11","11",7725
"cca",0.8,"cca",1,"4","12",26
"cca",0.8,"cca",1,"13","12",6877
"cca",0.8,"cca",1,"14","13",6831
"cca",0.8,"cca",1,"15","13",25
"cca",0.8,"cca",1,"16","14",6318
"cca",0.8,"cca",1,"15","15",5249
"cca",0.8,"cca",1,"18","16",5033
"cca",0.8,"cca",1,"19","17",4782
"cca",0.8,"cca",1,"12","18",3896
"cca",0.8,"cca",1,"9","19",1
"cca",0.8,"cca",1,"20","19",3438
"cca",0.8,"cca",1,"1","20",1
"cca",0.8,"cca",1,"12","20",3426
"cca",0.8,"cca",1,"2","21",1
"cca",0.8,"cca",1,"14","21",1
"cca",0.8,"cca",1,"21","21",3269
"cca",0.8,"cca",1,"17","22",2991
"cca",0.8,"cca",1,"0","23",2
"cca",0.8,"cca",1,"8","23",17
"cca",0.8,"cca",1,"22","23",2869
"cca",0.8,"cca",1,"23","24",2830
"cca",0.8,"cca",1,"0","25",1
"cca",0.8,"cca",1,"3","25",1
"cca",0.8,"cca",1,"5","25",2
"cca",0.8,"cca",1,"17","25",2
"cca",0.8,"cca",1,"24","25",2406
"cca",0.8,"cca",1,"7","26",1
"cca",0.8,"cca",1,"18","26",1
"cca",0.8,"cca",1,"25","26",2349
"cca",0.8,"cca",1,"12","27",1
"cca",0.8,"cca",1,"14","27",1
"cca",0.8,"cca",1,"15","27",1284
"cca",0.8,"cca",1,"27","27",879
"cca",0.8,"cca",1,"0","28",328
"cca",0.8,"cca",1,"1","28",874
"cca",0.8,"cca",1,"3","28",2
"cca",0.8,"cca",1,"5","28",9
"cca",0.8,"cca",1,"6","28",1
"cca",0.8,"cca",1,"8","28",5
"cca",0.8,"cca",1,"9","28",46
"cca",0.8,"cca",1,"29","28",610
"cca",0.8,"cca",1,"0","29",4
"cca",0.8,"cca",1,"1","29",1
"cca",0.8,"cca",1,"8","29",1
"cca",0.8,"cca",1,"11","29",8
"cca",0.8,"cca",1,"17","29",1589
"cca",0.8,"cca",1,"22","29",2
"cca",0.8,"cca",1,"17","30",1376
"cca",0.8,"cca",1,"2","31",2
"cca",0.8,"cca",1,"26","31",997
"cca",0.8,"cca",1,"28","32",678
"cca",0.8,"cca",1,"30","33",590
"cca",0.8,"cca",1,"31","34",267
"cca",0.8,"cca",1,"32","35",201
