"gene","selected_sct","selected_lognorm"
"JCHAIN",TRUE,TRUE
"ENSSSCG00000038719",TRUE,TRUE
"ENSSSCG00000053053",TRUE,TRUE
"COL1A1",TRUE,TRUE
"COL3A1",TRUE,TRUE
"ENSSSCG00000036224",TRUE,TRUE
"TGM3",TRUE,TRUE
"CXCL8",TRUE,TRUE
"SCGB1A1",TRUE,TRUE
"COL1A2",TRUE,TRUE
"DCN",TRUE,TRUE
"IL1R2",TRUE,TRUE
"SFTPA1",TRUE,TRUE
"SPARC",TRUE,TRUE
"CST3",TRUE,TRUE
"SERPINE1",TRUE,TRUE
"CCL21",TRUE,TRUE
"MGP",TRUE,TRUE
"ENSSSCG00000031037",TRUE,TRUE
"THBS1",TRUE,TRUE
"CYP1A1",TRUE,TRUE
"CXCL10",TRUE,TRUE
"GNLY",TRUE,TRUE
"CCN2",TRUE,TRUE
"ENSSSCG00000048391",TRUE,TRUE
"SFTPC",TRUE,TRUE
"LYZ",TRUE,TRUE
"SDS",TRUE,TRUE
"PI16",TRUE,TRUE
"C4BPA",TRUE,TRUE
"MMRN1",TRUE,TRUE
"ENSSSCG00000063511",TRUE,TRUE
"CXCL9",TRUE,TRUE
"ENSSSCG00000058302",TRUE,TRUE
"PLAT",TRUE,TRUE
"CXCL2",TRUE,TRUE
"TFF3",TRUE,TRUE
"CCL2",TRUE,TRUE
"TIMP3",TRUE,TRUE
"ENSSSCG00000031640",TRUE,TRUE
"F13A1",TRUE,TRUE
"ENSSSCG00000037358",TRUE,TRUE
"ENSSSCG00000041880",TRUE,TRUE
"A2M",TRUE,TRUE
"ACKR1",TRUE,TRUE
"CBR2",TRUE,TRUE
"LYVE1",TRUE,TRUE
"ENSSSCG00000035443",TRUE,TRUE
"ENSSSCG00000035736",TRUE,TRUE
"LGALS3",TRUE,TRUE
"SCGB3A1",TRUE,TRUE
"CCL8",TRUE,TRUE
"ENSSSCG00000014540",TRUE,TRUE
"MFAP5",TRUE,TRUE
"FBLN1",TRUE,TRUE
"PTX3",TRUE,TRUE
"ENSSSCG00000046518",TRUE,TRUE
"ENSSSCG00000002749",TRUE,TRUE
"STEAP4",TRUE,TRUE
"ENSSSCG00000037735",TRUE,TRUE
"IGHM",TRUE,TRUE
"ENSSSCG00000016184",TRUE,TRUE
"FCN2",TRUE,TRUE
"FN1",TRUE,TRUE
"PIGR",TRUE,TRUE
"IL6",TRUE,TRUE
"DPT",TRUE,TRUE
"COL14A1",TRUE,TRUE
"ENSSSCG00000006286",TRUE,TRUE
"SPARCL1",TRUE,TRUE
"ENSSSCG00000060276",TRUE,TRUE
"GPR84",TRUE,TRUE
"SCGB3A2",TRUE,TRUE
"AGER",TRUE,TRUE
"CCDC80",TRUE,TRUE
"ENSSSCG00000054693",TRUE,TRUE
"ENSSSCG00000030300",TRUE,TRUE
"WIF1",TRUE,TRUE
"CCL4",TRUE,TRUE
"ENSSSCG00000033457",TRUE,TRUE
"ENSSSCG00000056525",TRUE,TRUE
"APOE",TRUE,TRUE
"S100A12",TRUE,TRUE
"IGFBP7",TRUE,TRUE
"ENSSSCG00000061605",TRUE,TRUE
"FSTL1",TRUE,TRUE
"GZMA",TRUE,TRUE
"ACTA2",TRUE,TRUE
"AKAP12",TRUE,TRUE
"CAVIN2",TRUE,TRUE
"CD9",TRUE,TRUE
"ANKRD1",TRUE,TRUE
"ENSSSCG00000039214",TRUE,TRUE
"ENSSSCG00000045982",TRUE,TRUE
"MS4A1",TRUE,TRUE
"EMP1",TRUE,TRUE
"MSMB",TRUE,TRUE
"EDN1",TRUE,TRUE
"PECAM1",TRUE,TRUE
"HPGD",TRUE,TRUE
"CD69",TRUE,TRUE
"EDNRB",TRUE,TRUE
"RGS1",TRUE,TRUE
"C1QA",TRUE,TRUE
"FABP5",TRUE,TRUE
"S100A8",TRUE,TRUE
"CCN1",TRUE,TRUE
"CEMIP",TRUE,TRUE
"SCG3",TRUE,TRUE
"C1S",TRUE,TRUE
"CYP1B1",TRUE,TRUE
"C3",TRUE,TRUE
"ENSSSCG00000060584",TRUE,TRUE
"SFTPB",TRUE,TRUE
"CD163",TRUE,TRUE
"ANXA1",TRUE,TRUE
"ARG1",TRUE,TRUE
"C5",TRUE,TRUE
"LOX",TRUE,TRUE
"CCL5",TRUE,TRUE
"RETN",TRUE,TRUE
"CYP7A1",TRUE,TRUE
"LUM",TRUE,TRUE
"FMO1",TRUE,TRUE
"MARCO",TRUE,TRUE
"ALDH1A1",TRUE,TRUE
"ADAMTS1",TRUE,TRUE
"CFD",TRUE,TRUE
"ENSSSCG00000035293",TRUE,TRUE
"PTPRB",TRUE,TRUE
"KIT",TRUE,TRUE
"KLRB1",TRUE,TRUE
"MS4A2",TRUE,TRUE
"ADGRF5",TRUE,TRUE
"SLAMF7",TRUE,TRUE
"IGFBP5",TRUE,TRUE
"PTPRM",TRUE,TRUE
"SAMSN1",TRUE,FALSE
"MARCKS",TRUE,TRUE
"SULT1E1",TRUE,TRUE
"APOLD1",TRUE,TRUE
"CD24",TRUE,TRUE
"ADAMTS4",TRUE,TRUE
"CIMIP1",TRUE,TRUE
"ENSSSCG00000048856",TRUE,FALSE
"MYH11",TRUE,TRUE
"ENSSSCG00000001455",TRUE,TRUE
"SFTPD",TRUE,TRUE
"CLDN5",TRUE,TRUE
"LAMP3",TRUE,TRUE
"UBD",TRUE,TRUE
"ACSL1",TRUE,TRUE
"ENPP2",TRUE,TRUE
"FMO5",TRUE,TRUE
"VCAM1",TRUE,TRUE
"ENSSSCG00000016183",TRUE,TRUE
"SLA-DQB1",TRUE,TRUE
"ENSSSCG00000060872",TRUE,TRUE
"DNAH11",TRUE,TRUE
"KCNJ15",TRUE,TRUE
"ENSSSCG00000051841",TRUE,TRUE
"TIMP1",TRUE,TRUE
"GSN",TRUE,TRUE
"NFKBIA",TRUE,FALSE
"C7",TRUE,TRUE
"PLEK",TRUE,TRUE
"SLPI",TRUE,TRUE
"TNC",TRUE,TRUE
"XCL1",TRUE,TRUE
"ENSSSCG00000001456",TRUE,TRUE
"MCTP1",TRUE,TRUE
"CGA",TRUE,TRUE
"CALCRL",TRUE,TRUE
"G0S2",TRUE,TRUE
"ANK3",TRUE,TRUE
"ARHGAP15",TRUE,FALSE
"C1QB",TRUE,TRUE
"PDK4",TRUE,TRUE
"CLEC14A",TRUE,TRUE
"COL12A1",TRUE,TRUE
"CYP4B1",TRUE,TRUE
"GJA5",TRUE,TRUE
"ENSSSCG00000062467",TRUE,TRUE
"CHI3L1",TRUE,TRUE
"AREG",TRUE,TRUE
"CSF3R",TRUE,TRUE
"ITGAD",TRUE,TRUE
"CCL19",TRUE,TRUE
"ARRDC4",TRUE,TRUE
"IFIT1",TRUE,TRUE
"MXD1",TRUE,TRUE
"ENSSSCG00000022258",TRUE,TRUE
"KLRK1",TRUE,TRUE
"VWF",TRUE,TRUE
"TM4SF1",TRUE,TRUE
"THBD",TRUE,TRUE
"GBP1",TRUE,TRUE
"AQP1",TRUE,TRUE
"COL6A3",TRUE,TRUE
"C1QC",TRUE,TRUE
"NDNF",TRUE,TRUE
"ANGPT2",TRUE,TRUE
"IDO1",TRUE,TRUE
"IFIT2",TRUE,TRUE
"IL2RA",TRUE,TRUE
"GZMB",TRUE,TRUE
"PLBD1",TRUE,TRUE
"S100A2",TRUE,TRUE
"FMO2",TRUE,TRUE
"RCAN1",TRUE,TRUE
"CTSS",TRUE,TRUE
"ISG15",TRUE,TRUE
"BACH2",TRUE,TRUE
"PLPP3",TRUE,TRUE
"SLC34A2",TRUE,TRUE
"TSPAN1",TRUE,TRUE
"C1R",TRUE,TRUE
"AFF3",TRUE,TRUE
"ADIRF",TRUE,TRUE
"CRISP3",TRUE,TRUE
"AQP4",TRUE,TRUE
"MAGI1",TRUE,TRUE
"ADM",TRUE,TRUE
"LDB2",TRUE,TRUE
"SLITRK6",TRUE,TRUE
"ZFP36L2",TRUE,FALSE
"BPIFA1",TRUE,TRUE
"SERPINB2",TRUE,TRUE
"NUPR1",TRUE,TRUE
"SPP1",TRUE,TRUE
"EFEMP1",TRUE,TRUE
"AGT",TRUE,TRUE
"PPFIBP1",TRUE,TRUE
"COL4A1",TRUE,TRUE
"ENSSSCG00000039102",TRUE,TRUE
"CCN3",TRUE,TRUE
"FGL2",TRUE,TRUE
"GPX3",TRUE,TRUE
"TOP2A",TRUE,TRUE
"ENSSSCG00000033183",TRUE,TRUE
"PALM2AKAP2",TRUE,TRUE
"SEMA3G",TRUE,TRUE
"TAGLN",TRUE,TRUE
"CLU",TRUE,TRUE
"COXFA4L3",TRUE,TRUE
"RBMS3",TRUE,TRUE
"GPC3",TRUE,TRUE
"CEBPB",TRUE,TRUE
"HLA-DRA",TRUE,TRUE
"ENSSSCG00000059531",TRUE,TRUE
"ENSSSCG00000036983",TRUE,TRUE
"ENSSSCG00000055070",TRUE,TRUE
"F2RL2",TRUE,TRUE
"MRC1",TRUE,TRUE
"CRTAM",TRUE,TRUE
"CD209",TRUE,TRUE
"CYYR1",TRUE,TRUE
"IL1RAP",TRUE,TRUE
"PTGS2",TRUE,TRUE
"OGN",TRUE,TRUE
"DEPP1",TRUE,TRUE
"CSF3",TRUE,TRUE
"C5AR1",TRUE,TRUE
"TXNIP",TRUE,TRUE
"EGR1",TRUE,TRUE
"GJA1",TRUE,TRUE
"ENSSSCG00000055554",TRUE,TRUE
"LGMN",TRUE,TRUE
"IGFBP6",TRUE,TRUE
"IL1A",TRUE,TRUE
"RGS2",TRUE,TRUE
"ENSSSCG00000011147",TRUE,TRUE
"PCOLCE2",TRUE,TRUE
"PDPN",TRUE,TRUE
"MMP9",TRUE,TRUE
"HMCN1",TRUE,TRUE
"LIMCH1",TRUE,TRUE
"MYLK",TRUE,TRUE
"MMRN2",TRUE,TRUE
"CLIC5",TRUE,TRUE
"ITPRID1",TRUE,TRUE
"FOS",TRUE,TRUE
"ENSSSCG00000058753",TRUE,TRUE
"VIM",TRUE,TRUE
"FCER1A",TRUE,TRUE
"SLC7A2",TRUE,TRUE
"ICAM1",TRUE,TRUE
"PLAU",TRUE,TRUE
"CCL3L1",TRUE,TRUE
"ENSSSCG00000056250",TRUE,TRUE
"ADAMTS9",TRUE,TRUE
"CRIM1",TRUE,TRUE
"SRGN",TRUE,FALSE
"SYTL3",TRUE,TRUE
"RNF19B",TRUE,TRUE
"ENSSSCG00000029596",TRUE,TRUE
"CD79B",TRUE,TRUE
"IL12RB2",TRUE,TRUE
"SLC7A11",TRUE,TRUE
"AQP3",TRUE,TRUE
"NRG1",TRUE,TRUE
"TNFRSF17",TRUE,TRUE
"SELL",TRUE,TRUE
"ACKR3",TRUE,TRUE
"CTSD",TRUE,TRUE
"HMOX1",TRUE,TRUE
"NCR1",TRUE,TRUE
"GASK1B",TRUE,TRUE
"CD74",TRUE,TRUE
"BTC",TRUE,TRUE
"CYBB",TRUE,TRUE
"TOX",TRUE,TRUE
"SOD2",TRUE,TRUE
"RDH10",TRUE,TRUE
"IMMP2L",TRUE,TRUE
"ARHGAP24",TRUE,TRUE
"DACH1",TRUE,TRUE
"NAV2",TRUE,TRUE
"SPAG17",TRUE,TRUE
"CTSL",TRUE,TRUE
"ENSSSCG00000058709",TRUE,TRUE
"F3",TRUE,TRUE
"IL1R1",TRUE,TRUE
"PI15",TRUE,TRUE
"ENSSSCG00000005453",TRUE,TRUE
"ENSSSCG00000015545",TRUE,TRUE
"ENSSSCG00000015662",TRUE,TRUE
"PLA2G2D",TRUE,TRUE
"POSTN",TRUE,TRUE
"PRSS23",TRUE,TRUE
"KCNQ5",TRUE,TRUE
"RHEX",TRUE,TRUE
"MMP12",TRUE,TRUE
"GADD45B",TRUE,FALSE
"SAMD12",TRUE,TRUE
"PRKG1",TRUE,TRUE
"IER3",TRUE,TRUE
"FBN1",TRUE,TRUE
"WFDC2",TRUE,TRUE
"ENSSSCG00000055724",TRUE,TRUE
"MYO1D",TRUE,TRUE
"SPINK5",TRUE,TRUE
"S100A4",TRUE,TRUE
"CA4",TRUE,TRUE
"ENSSSCG00000053860",TRUE,TRUE
"RELN",TRUE,TRUE
"PHACTR1",TRUE,TRUE
"C3AR1",TRUE,TRUE
"PLCB4",TRUE,TRUE
"CERS4",TRUE,TRUE
"DUSP2",TRUE,FALSE
"HHIP",TRUE,TRUE
"CHP2",TRUE,TRUE
"ENSSSCG00000032419",TRUE,TRUE
"NREP",TRUE,TRUE
"EBF1",TRUE,TRUE
"BIRC3",TRUE,FALSE
"ENSSSCG00000036618",TRUE,TRUE
"STC1",TRUE,TRUE
"CXCL11",TRUE,TRUE
"FTL",TRUE,TRUE
"ERBB4",TRUE,TRUE
"ENSSSCG00000006588",TRUE,TRUE
"ST6GALNAC3",TRUE,TRUE
"OMD",TRUE,TRUE
"MCTP2",TRUE,TRUE
"GYG1",TRUE,TRUE
"ENSSSCG00000038418",TRUE,TRUE
"ENSSSCG00000051851",TRUE,TRUE
"GPNMB",TRUE,TRUE
"ENSSSCG00000033089",TRUE,TRUE
"GAB2",TRUE,TRUE
"IL18",TRUE,TRUE
"DGAT2",TRUE,TRUE
"ATP1B1",TRUE,TRUE
"TEX14",TRUE,TRUE
"TNIP3",TRUE,TRUE
"CLDN4",TRUE,TRUE
"ACKR4",TRUE,TRUE
"CCR7",TRUE,TRUE
"EREG",TRUE,TRUE
"IL33",TRUE,TRUE
"RHOJ",TRUE,TRUE
"SNX10",TRUE,TRUE
"IGFBP2",TRUE,TRUE
"RNF24",TRUE,TRUE
"CALD1",TRUE,TRUE
"MARCHF1",TRUE,TRUE
"CRABP1",TRUE,TRUE
"CFAP54",TRUE,TRUE
"LMO7",TRUE,TRUE
"CCSER1",TRUE,TRUE
"RND1",TRUE,TRUE
"ENSSSCG00000004071",TRUE,TRUE
"ENSSSCG00000017814",TRUE,TRUE
"PDGFRA",TRUE,TRUE
"SSH2",TRUE,FALSE
"ENSSSCG00000000640",TRUE,TRUE
"SH2D7",TRUE,TRUE
"LTF",TRUE,TRUE
"ECRG4",TRUE,TRUE
"IL7R",TRUE,TRUE
"LRRIQ1",TRUE,TRUE
"GPR183",TRUE,TRUE
"ENSSSCG00000022925",TRUE,FALSE
"NCKAP5",TRUE,TRUE
"ENSSSCG00000056654",TRUE,TRUE
"FMNL2",TRUE,TRUE
"XCR1",TRUE,TRUE
"TGM2",TRUE,TRUE
"GPRC5A",TRUE,TRUE
"BATF3",TRUE,TRUE
"RSPH4A",TRUE,TRUE
"SOCS3",TRUE,TRUE
"KRT8",TRUE,TRUE
"CYP7B1",TRUE,TRUE
"MMP8",TRUE,TRUE
"GZMK",TRUE,TRUE
"ENSSSCG00000034914",TRUE,TRUE
"CDH13",TRUE,TRUE
"SLC44A4",TRUE,TRUE
"EPCAM",TRUE,TRUE
"NR2F2",TRUE,TRUE
"ENSSSCG00000028944",TRUE,TRUE
"LTBP2",TRUE,TRUE
"RTN1",TRUE,TRUE
"GFPT2",TRUE,TRUE
"MEF2C",TRUE,TRUE
"PPBP",TRUE,TRUE
"CCL14",TRUE,TRUE
"MECOM",TRUE,TRUE
"TNFAIP3",TRUE,FALSE
"ENSSSCG00000016254",TRUE,TRUE
"ENSSSCG00000063583",TRUE,TRUE
"VCAN",TRUE,TRUE
"DUSP1",TRUE,TRUE
"IL2RB",TRUE,TRUE
"LPL",TRUE,TRUE
"COL5A1",TRUE,TRUE
"NR4A3",TRUE,TRUE
"COL5A2",TRUE,TRUE
"LTBP1",TRUE,TRUE
"RORA",TRUE,TRUE
"TMSB10",TRUE,TRUE
"ISM1",TRUE,TRUE
"FABP3",TRUE,TRUE
"ENSSSCG00000063587",TRUE,TRUE
"ATP8A1",TRUE,TRUE
"EMCN",TRUE,TRUE
"CAV1",TRUE,TRUE
"CENPF",TRUE,TRUE
"ENSSSCG00000063471",TRUE,TRUE
"PAX5",TRUE,TRUE
"MZB1",TRUE,TRUE
"ALOX5AP",TRUE,TRUE
"CD83",TRUE,TRUE
"CPE",TRUE,TRUE
"SEMA3C",TRUE,TRUE
"LRRC71",TRUE,TRUE
"NEXN",TRUE,TRUE
"DKK2",TRUE,TRUE
"ECM2",TRUE,TRUE
"ACSL4",TRUE,FALSE
"SKAP1",TRUE,TRUE
"SOX13",TRUE,TRUE
"TSPAN5",TRUE,TRUE
"ACTG1",TRUE,TRUE
"MT1A",TRUE,TRUE
"ABTB2",TRUE,TRUE
"ADGRL2",TRUE,TRUE
"ENSSSCG00000031292",TRUE,TRUE
"MYCT1",TRUE,TRUE
"NAPSA",TRUE,TRUE
"CCL22",TRUE,TRUE
"CXCR4",TRUE,FALSE
"ZBTB16",TRUE,TRUE
"RTKN2",TRUE,TRUE
"LGALS13",TRUE,TRUE
"ENSSSCG00000061752",TRUE,TRUE
"NETO2",TRUE,TRUE
"ADORA2A",TRUE,TRUE
"TMEM100",TRUE,TRUE
"TNFSF9",TRUE,TRUE
"GHSR",TRUE,TRUE
"CD93",TRUE,TRUE
"LAMA4",TRUE,TRUE
"CRISPLD2",TRUE,TRUE
"IL10",TRUE,TRUE
"KIAA1217",TRUE,TRUE
"MAML2",TRUE,TRUE
"SGK1",TRUE,FALSE
"ENSSSCG00000059404",TRUE,TRUE
"TANK",TRUE,FALSE
"SMAP2",TRUE,FALSE
"ENSSSCG00000058031",TRUE,TRUE
"CDA",TRUE,TRUE
"CLDN18",TRUE,TRUE
"HDAC9",TRUE,TRUE
"CD14",TRUE,TRUE
"BMX",TRUE,TRUE
"SATB1",TRUE,FALSE
"ENSSSCG00000061957",TRUE,TRUE
"MAFB",TRUE,TRUE
"THSD7B",TRUE,TRUE
"CLDN1",TRUE,TRUE
"GATA3",TRUE,TRUE
"MMP2",TRUE,TRUE
"WWOX",TRUE,TRUE
"ENSSSCG00000039473",TRUE,FALSE
"OLR1",TRUE,TRUE
"PDE4B",TRUE,FALSE
"ADGRG1",TRUE,TRUE
"BANK1",TRUE,TRUE
"ENSSSCG00000037913",TRUE,TRUE
"ARHGEF28",TRUE,TRUE
"CSF1",TRUE,TRUE
"DTHD1",TRUE,TRUE
"SNTN",TRUE,TRUE
"RSAD2",TRUE,TRUE
"TREM1",TRUE,FALSE
"IGFBP3",TRUE,TRUE
"MEDAG",TRUE,TRUE
"ACKR2",TRUE,TRUE
"CAV2",TRUE,TRUE
"KRT19",TRUE,TRUE
"SERPINF1",TRUE,TRUE
"SLC8A1",TRUE,TRUE
"NPY",TRUE,TRUE
"MYOC",TRUE,TRUE
"ENSSSCG00000052612",TRUE,TRUE
"SORL1",TRUE,FALSE
"MFAP4",TRUE,TRUE
"CD28",TRUE,TRUE
"ACTG2",TRUE,TRUE
"CDH5",TRUE,TRUE
"ENSSSCG00000010893",TRUE,TRUE
"DYNC1I1",TRUE,TRUE
"CTSB",TRUE,TRUE
"COL4A3",TRUE,TRUE
"ABCA1",TRUE,TRUE
"PDE4D",TRUE,TRUE
"TXK",TRUE,TRUE
"LAMA3",TRUE,TRUE
"ENSSSCG00000061568",TRUE,TRUE
"DSTN",TRUE,TRUE
"ENSSSCG00000025644",TRUE,TRUE
"BLNK",TRUE,TRUE
"ENSSSCG00000009672",TRUE,TRUE
"ENSSSCG00000038667",TRUE,TRUE
"FNDC3B",TRUE,TRUE
"SERPING1",TRUE,TRUE
"ABHD2",TRUE,TRUE
"ENSSSCG00000039880",TRUE,TRUE
"ITGA1",TRUE,TRUE
"STAP1",TRUE,TRUE
"VPREB1",TRUE,TRUE
"PCLAF",TRUE,TRUE
"ENSSSCG00000035675",TRUE,TRUE
"HMGB2",TRUE,TRUE
"SEMA3E",TRUE,TRUE
"FRMD4B",TRUE,TRUE
"LEF1",TRUE,TRUE
"RHOB",TRUE,TRUE
"SMC6",TRUE,TRUE
"ENSSSCG00000026345",TRUE,TRUE
"IFIT3",TRUE,TRUE
"ECSCR",TRUE,TRUE
"ENSSSCG00000028674",TRUE,TRUE
"ENSSSCG00000061089",TRUE,TRUE
"CERS6",TRUE,TRUE
"SLC45A3",TRUE,TRUE
"ITM2A",TRUE,TRUE
"PARP14",TRUE,FALSE
"FBLN2",TRUE,TRUE
"OSM",TRUE,TRUE
"AMCF-II",TRUE,TRUE
"CA8",TRUE,TRUE
"PACRG",TRUE,TRUE
"CTSW",TRUE,FALSE
"DOCK4",TRUE,TRUE
"CXCR6",TRUE,TRUE
"DOCK9",TRUE,TRUE
"ENSSSCG00000008898",TRUE,TRUE
"NEBL",TRUE,TRUE
"RARRES2",TRUE,TRUE
"APOA1",TRUE,TRUE
"MAPK10",TRUE,TRUE
"RGS21",TRUE,TRUE
"SOX5",TRUE,TRUE
"PRKCH",TRUE,FALSE
"ENSSSCG00000024568",TRUE,TRUE
"INPP4B",TRUE,TRUE
"IKZF2",TRUE,TRUE
"CHST11",TRUE,FALSE
"DHRS9",TRUE,TRUE
"TGM1",TRUE,TRUE
"GREB1L",TRUE,TRUE
"IKZF3",TRUE,FALSE
"ENSSSCG00000000563",TRUE,TRUE
"SAMD9",TRUE,FALSE
"CADM1",TRUE,TRUE
"CD96",TRUE,TRUE
"CEBPD",TRUE,TRUE
"SYNPO2",TRUE,TRUE
"TGFBR3",TRUE,TRUE
"TNFRSF9",TRUE,TRUE
"TBXAS1",TRUE,TRUE
"ITGA9",TRUE,TRUE
"SEMA3D",TRUE,TRUE
"HSP90B1",TRUE,TRUE
"ENSSSCG00000024791",TRUE,TRUE
"SERPINH1",TRUE,TRUE
"MS4A7",TRUE,TRUE
"SORBS2",TRUE,TRUE
"FHIT",TRUE,TRUE
"GRN",TRUE,TRUE
"PREX2",TRUE,TRUE
"ENSSSCG00000029449",TRUE,TRUE
"GZMH",TRUE,TRUE
"PELI2",TRUE,TRUE
"ZFPM2",TRUE,TRUE
"TCF7",TRUE,TRUE
"P2RY14",TRUE,TRUE
"LHFPL6",TRUE,TRUE
"TAC3",TRUE,TRUE
"ENSSSCG00000060149",TRUE,TRUE
"ENSSSCG00000033114",TRUE,TRUE
"NFIL3",TRUE,FALSE
"MAP3K8",TRUE,FALSE
"TRPS1",TRUE,FALSE
"PTGIS",TRUE,TRUE
"IL6ST",TRUE,TRUE
"ENSSSCG00000010077",TRUE,TRUE
"OAS2",TRUE,TRUE
"ENSSSCG00000042842",TRUE,TRUE
"ANKRD33B",TRUE,FALSE
"CCDC190",TRUE,TRUE
"MARCHF3",TRUE,TRUE
"TXNDC5",TRUE,TRUE
"ENSSSCG00000009239",TRUE,TRUE
"TBX3",TRUE,TRUE
"ID2",TRUE,FALSE
"TACSTD2",TRUE,TRUE
"ENSSSCG00000023584",TRUE,TRUE
"MCAM",TRUE,TRUE
"AUTS2",TRUE,TRUE
"PDE3A",TRUE,TRUE
"HAVCR2",TRUE,TRUE
"PPIL6",TRUE,TRUE
"BCL2A1",TRUE,TRUE
"TRAT1",TRUE,FALSE
"EMILIN2",TRUE,TRUE
"CDH1",TRUE,TRUE
"ENSSSCG00000009240",TRUE,TRUE
"ENSSSCG00000010952",TRUE,FALSE
"ITK",TRUE,FALSE
"ST8SIA1",TRUE,FALSE
"LRMDA",TRUE,TRUE
"DRC11",TRUE,TRUE
"NPC2",TRUE,TRUE
"RAB27B",TRUE,TRUE
"WWTR1",TRUE,TRUE
"MSR1",TRUE,TRUE
"LPP",TRUE,TRUE
"MCC",TRUE,TRUE
"RIPOR2",TRUE,FALSE
"TCF4",TRUE,TRUE
"PITPNC1",TRUE,FALSE
"ENSSSCG00000006350",TRUE,TRUE
"CDK14",TRUE,TRUE
"ITIH5",TRUE,TRUE
"PTGR1",TRUE,TRUE
"ENSSSCG00000053444",TRUE,TRUE
"PLAUR",TRUE,TRUE
"CFAP45",TRUE,TRUE
"TMSB4X",TRUE,FALSE
"PPM1H",TRUE,TRUE
"CLEC3B",TRUE,TRUE
"CNR2",TRUE,TRUE
"CCR9",TRUE,TRUE
"PCED1B",TRUE,FALSE
"SCPEP1",TRUE,TRUE
"ATXN1",TRUE,TRUE
"FRYL",TRUE,FALSE
"CHI3L2",TRUE,TRUE
"DAB2",TRUE,TRUE
"ENSSSCG00000030088",TRUE,TRUE
"SLIT3",TRUE,TRUE
"COL8A1",TRUE,TRUE
"DNAH9",TRUE,TRUE
"ARHGAP29",TRUE,TRUE
"TPPP3",TRUE,TRUE
"CXCL14",TRUE,TRUE
"OSBPL3",TRUE,TRUE
"SMYD3",TRUE,TRUE
"ENSSSCG00000008240",TRUE,TRUE
"JUNB",TRUE,FALSE
"ENSSSCG00000056574",TRUE,TRUE
"CKAP2L",TRUE,TRUE
"EMB",TRUE,FALSE
"PIK3AP1",TRUE,FALSE
"PLCB1",TRUE,TRUE
"EPAS1",TRUE,TRUE
"XYLT1",TRUE,FALSE
"C1orf87",TRUE,TRUE
"PRR13",TRUE,TRUE
"CRACDL",TRUE,TRUE
"GREM1",TRUE,TRUE
"IFNG",TRUE,TRUE
"PLEKHG1",TRUE,TRUE
"FLT3",TRUE,TRUE
"ANKFN1",TRUE,TRUE
"ELMO1",TRUE,FALSE
"ETS1",TRUE,FALSE
"ENSSSCG00000008769",TRUE,TRUE
"RAI14",TRUE,TRUE
"PERP",TRUE,TRUE
"CFAP100",TRUE,TRUE
"PLS3",TRUE,TRUE
"CD2",TRUE,FALSE
"ENSSSCG00000052253",TRUE,TRUE
"PCSK5",TRUE,TRUE
"CD40LG",TRUE,TRUE
"RUNX1",TRUE,FALSE
"UGT2B31",TRUE,TRUE
"H1-3",TRUE,TRUE
"GADD45A",TRUE,TRUE
"IGF1R",TRUE,TRUE
"NCALD",TRUE,TRUE
"PSAP",TRUE,TRUE
"XPO6",TRUE,FALSE
"SELP",TRUE,TRUE
"BCAS3",TRUE,TRUE
"KLF2",TRUE,TRUE
"AUH",TRUE,FALSE
"DGKH",TRUE,TRUE
"SERPINB1",TRUE,TRUE
"MGST1",TRUE,TRUE
"TNF",TRUE,TRUE
"ENSSSCG00000015664",TRUE,TRUE
"PTPN13",TRUE,TRUE
"STMN1",TRUE,TRUE
"PLIN2",TRUE,TRUE
"ENPP1",TRUE,TRUE
"MAGI3",TRUE,TRUE
"ZEB1",TRUE,FALSE
"CXCL12",TRUE,TRUE
"MAML3",TRUE,TRUE
"PDZRN3",TRUE,TRUE
"MAF",TRUE,TRUE
"TNXB",TRUE,TRUE
"DNASE1L3",TRUE,TRUE
"SDC2",TRUE,TRUE
"FILIP1L",TRUE,TRUE
"ENSSSCG00000026210",TRUE,TRUE
"RSPH1",TRUE,TRUE
"ADGRD1",TRUE,TRUE
"ENSSSCG00000024759",TRUE,TRUE
"ENSSSCG00000044736",TRUE,TRUE
"GALNT18",TRUE,TRUE
"ENSSSCG00000056698",TRUE,TRUE
"COL6A1",TRUE,TRUE
"BST1",TRUE,TRUE
"PLPP1",TRUE,TRUE
"ENSSSCG00000007978",TRUE,TRUE
"STAT4",TRUE,FALSE
"BTBD9",TRUE,TRUE
"RUNX2",TRUE,TRUE
"BCL2",TRUE,FALSE
"PCDH17",TRUE,TRUE
"RALGPS2",TRUE,TRUE
"ADGRF1",TRUE,TRUE
"RAMP3",TRUE,TRUE
"PRKCB",TRUE,FALSE
"PPARG",TRUE,TRUE
"CD8A",TRUE,TRUE
"PTK2B",TRUE,FALSE
"KLF12",TRUE,TRUE
"ODAD2",TRUE,TRUE
"GEM",TRUE,TRUE
"ENSSSCG00000057861",TRUE,TRUE
"SMPDL3A",TRUE,TRUE
"ENSSSCG00000039222",TRUE,TRUE
"FBXL7",TRUE,TRUE
"ENSSSCG00000062479",TRUE,TRUE
"ENSSSCG00000003236",TRUE,FALSE
"ANTXR1",TRUE,TRUE
"CD5",TRUE,FALSE
"PRF1",TRUE,FALSE
"AICDA",TRUE,TRUE
"CCDC50",TRUE,TRUE
"ENSSSCG00000004081",TRUE,TRUE
"EFNA5",TRUE,TRUE
"ARL15",TRUE,TRUE
"IL18R1",TRUE,TRUE
"SEMA6D",TRUE,TRUE
"KCNJ2",TRUE,TRUE
"ENSSSCG00000033721",TRUE,FALSE
"KIAA2012",TRUE,TRUE
"MYO6",TRUE,TRUE
"SLCO2A1",TRUE,TRUE
"AK7",TRUE,TRUE
"ACTB",TRUE,TRUE
"ENSSSCG00000051034",TRUE,TRUE
"ABTB3",TRUE,FALSE
"GPX2",TRUE,TRUE
"CD274",TRUE,TRUE
"CD52",TRUE,TRUE
"GANC",TRUE,TRUE
"KRT7",TRUE,TRUE
"ENSSSCG00000029414",TRUE,TRUE
"OR51E1",TRUE,FALSE
"CSF2RB",TRUE,TRUE
"POU2F3",TRUE,TRUE
"NTRK2",TRUE,TRUE
"ATP13A2",TRUE,TRUE
"LGALS1",TRUE,TRUE
"GAREM1",TRUE,TRUE
"TRHR",TRUE,TRUE
"TNIK",TRUE,FALSE
"ACOD1",TRUE,TRUE
"DSE",TRUE,TRUE
"KDR",TRUE,TRUE
"PGLYRP1",TRUE,TRUE
"ENSSSCG00000016475",TRUE,TRUE
"PTGER3",TRUE,TRUE
"FHL1",TRUE,TRUE
"PARD3",TRUE,TRUE
"ITGBL1",TRUE,TRUE
"SULF1",TRUE,TRUE
"STX11",TRUE,FALSE
"LDHA",TRUE,TRUE
"CASS4",TRUE,TRUE
"CCR5",TRUE,FALSE
"FYB1",TRUE,FALSE
"CD1E",TRUE,TRUE
"CFAP44",TRUE,TRUE
"SRXN1",TRUE,TRUE
"MNS1",TRUE,TRUE
"RUBCNL",TRUE,FALSE
"ENSSSCG00000009422",TRUE,TRUE
"SCML4",TRUE,FALSE
"CPM",TRUE,TRUE
"HEPACAM2",TRUE,TRUE
"CFAP210",TRUE,TRUE
"HES1",TRUE,TRUE
"SLC9A9",TRUE,TRUE
"FOXI1",TRUE,TRUE
"ANXA2",TRUE,TRUE
"DPEP2",TRUE,TRUE
"CAMK4",TRUE,FALSE
"CDK6",TRUE,FALSE
"DUSP5",TRUE,TRUE
"JUN",TRUE,FALSE
"FOXJ1",TRUE,TRUE
"EXT1",TRUE,TRUE
"ENSSSCG00000034976",TRUE,TRUE
"TCF21",TRUE,TRUE
"DUT",TRUE,TRUE
"TCF12",TRUE,FALSE
"HBEGF",TRUE,TRUE
"BCL11A",TRUE,TRUE
"EPHX1",TRUE,TRUE
"FLT1",TRUE,TRUE
"CBLB",TRUE,FALSE
"RAD51B",TRUE,TRUE
"SPAG16",TRUE,TRUE
"DENND1B",TRUE,TRUE
"FABP4",TRUE,TRUE
"CCR1",TRUE,TRUE
"RBP4",TRUE,TRUE
"RBBP7",TRUE,FALSE
"ERG",TRUE,TRUE
"HSD11B1",TRUE,TRUE
"RHOH",TRUE,FALSE
"SCIN",TRUE,TRUE
"ENSSSCG00000051969",TRUE,FALSE
"DDIT4",TRUE,FALSE
"CNN3",TRUE,TRUE
"ITPR2",TRUE,FALSE
"ENSSSCG00000008147",TRUE,TRUE
"CFAP299",TRUE,TRUE
"ENSSSCG00000042444",TRUE,FALSE
"ICOS",TRUE,TRUE
"PDE3B",TRUE,FALSE
"TGFB2",TRUE,TRUE
"TRERF1",TRUE,FALSE
"HTRA3",TRUE,TRUE
"ECM1",TRUE,TRUE
"PPIF",TRUE,TRUE
"ENSSSCG00000012202",TRUE,TRUE
"EYA2",TRUE,TRUE
"TMCC3",TRUE,TRUE
"SGMS1",TRUE,FALSE
"ENPP6",TRUE,TRUE
"ENSSSCG00000051466",TRUE,TRUE
"POU2F1",TRUE,TRUE
"RBM47",TRUE,TRUE
"RIBC2",TRUE,TRUE
"TGFA",TRUE,TRUE
"ENSSSCG00000015810",TRUE,TRUE
"PID1",TRUE,TRUE
"GPR39",TRUE,TRUE
"PTPN22",TRUE,FALSE
"CCDC175",TRUE,TRUE
"PARP8",TRUE,FALSE
"PELI1",TRUE,FALSE
"SLC16A10",TRUE,TRUE
"ADORA3",TRUE,TRUE
"RNF128",TRUE,TRUE
"PRKCE",TRUE,FALSE
"YBX3",TRUE,TRUE
"HERC6",TRUE,FALSE
"TANC2",TRUE,TRUE
"PTPN1",TRUE,FALSE
"DAPK1",TRUE,TRUE
"LCP1",TRUE,TRUE
"LCN2",TRUE,TRUE
"PDGFD",TRUE,TRUE
"ATP2B4",TRUE,FALSE
"ENSSSCG00000052350",TRUE,TRUE
"MITF",TRUE,TRUE
"ENSSSCG00000061105",TRUE,FALSE
"SFRP1",TRUE,TRUE
"ST8SIA4",TRUE,FALSE
"RGS18",TRUE,TRUE
"CD6",TRUE,FALSE
"GPR171",TRUE,FALSE
"ID3",TRUE,TRUE
"ENSSSCG00000032381",TRUE,FALSE
"MYD88",TRUE,FALSE
"PDE7B",TRUE,TRUE
"ENSSSCG00000061113",TRUE,FALSE
"COL23A1",TRUE,TRUE
"BPIFB1",TRUE,TRUE
"MSI2",TRUE,FALSE
"FOSB",TRUE,TRUE
"DNAJC12",TRUE,TRUE
"NPNT",TRUE,TRUE
"ENSSSCG00000010370",TRUE,TRUE
"CFAP69",TRUE,TRUE
"BLK",TRUE,FALSE
"PDE1C",TRUE,TRUE
"CD4",TRUE,TRUE
"DNAH6",TRUE,TRUE
"SPOCK2",TRUE,FALSE
"CD3D",TRUE,FALSE
"ZCCHC24",TRUE,TRUE
"ENSSSCG00000052111",TRUE,TRUE
"RAP1GAP2",TRUE,TRUE
"CFAP46",TRUE,TRUE
"ADAM19",TRUE,TRUE
"GBP5",TRUE,FALSE
"SP4",TRUE,FALSE
"AHCYL2",TRUE,FALSE
"TLR2",TRUE,TRUE
"SLIT2",TRUE,TRUE
"HSP70.2",TRUE,TRUE
"LSAMP",TRUE,TRUE
"ITGAM",TRUE,TRUE
"RGS4",TRUE,TRUE
"TRPC6",TRUE,TRUE
"FIBIN",TRUE,TRUE
"ANKRD44",TRUE,FALSE
"TUBA1A",TRUE,TRUE
"ENSSSCG00000008576",TRUE,FALSE
"UBE2E2",TRUE,TRUE
"ARID5B",TRUE,FALSE
"SYK",TRUE,FALSE
"FAM167B",TRUE,TRUE
"PLXDC2",TRUE,TRUE
"CADM3",TRUE,TRUE
"SERPINE2",TRUE,TRUE
"CHRDL1",TRUE,TRUE
"ABI3BP",TRUE,TRUE
"CENPE",TRUE,TRUE
"SH2D1A",TRUE,TRUE
"SYTL2",TRUE,FALSE
"DOCK10",TRUE,FALSE
"PDE7A",TRUE,FALSE
"SPIDR",TRUE,TRUE
"PLVAP",TRUE,TRUE
"APOD",TRUE,TRUE
"MEGF9",TRUE,TRUE
"ENSSSCG00000047910",TRUE,FALSE
"DLC1",TRUE,TRUE
"MAP3K5",TRUE,FALSE
"CCDC88A",TRUE,TRUE
"TMEM71",TRUE,FALSE
"CHST9",TRUE,TRUE
"FILIP1",TRUE,TRUE
"LAPTM5",TRUE,FALSE
"ENSSSCG00000047628",TRUE,FALSE
"ENSSSCG00000021656",TRUE,TRUE
"ENSSSCG00000056754",TRUE,FALSE
"PTPRK",TRUE,TRUE
"WDFY3",TRUE,FALSE
"CCDC170",TRUE,TRUE
"PPP1R3B",TRUE,TRUE
"GLIS3",TRUE,TRUE
"ALOX5",TRUE,TRUE
"ENSSSCG00000000657",TRUE,FALSE
"PARD3B",TRUE,TRUE
"CSF2",TRUE,TRUE
"SLA2",TRUE,FALSE
"DUOXA2",TRUE,TRUE
"TFPI2",TRUE,TRUE
"ENSSSCG00000031741",TRUE,TRUE
"GLCCI1",TRUE,TRUE
"SEC14L3",TRUE,TRUE
"ENSSSCG00000061701",TRUE,TRUE
"XIRP2",TRUE,TRUE
"MAP1B",TRUE,TRUE
"ENSSSCG00000036342",TRUE,FALSE
"IRF4",TRUE,TRUE
"USP6NL",TRUE,TRUE
"LTB",TRUE,TRUE
"SAT1",TRUE,FALSE
"PROCR",TRUE,TRUE
"ITGA4",TRUE,FALSE
"MGAT5",TRUE,FALSE
"ENSSSCG00000023467",TRUE,TRUE
"LCLAT1",TRUE,FALSE
"TGFBI",TRUE,TRUE
"KRT4",TRUE,TRUE
"CLEC2B",TRUE,TRUE
"SASH1",TRUE,TRUE
"C1QTNF3",TRUE,TRUE
"STK33",TRUE,TRUE
"PTPRC",TRUE,FALSE
"RASAL2",TRUE,FALSE
"PTGS1",TRUE,TRUE
"DNAH12",TRUE,TRUE
"JAZF1",TRUE,TRUE
"NFE2",TRUE,FALSE
"STOM",TRUE,TRUE
"RNF13",TRUE,FALSE
"ZNF385D",TRUE,TRUE
"SHISA2",TRUE,TRUE
"MYO1E",TRUE,TRUE
"ENSSSCG00000061705",TRUE,TRUE
"RFX2",TRUE,TRUE
"APBB2",TRUE,TRUE
"CCDC85A",TRUE,TRUE
"C4A",TRUE,TRUE
"ENSSSCG00000038144",TRUE,TRUE
"COL4A4",TRUE,TRUE
"AQP5",TRUE,TRUE
"LYN",TRUE,FALSE
"ETS2",TRUE,TRUE
"MEIS2",TRUE,TRUE
"SPEF2",TRUE,TRUE
"ARAP2",TRUE,FALSE
"ATXN7L1",TRUE,FALSE
"CYRIA",TRUE,FALSE
"SNTB1",TRUE,FALSE
"ZNF683",TRUE,TRUE
"USP53",TRUE,TRUE
"CDC42EP3",TRUE,TRUE
"RPS8",TRUE,FALSE
"RNF150",TRUE,TRUE
"SPAG6",TRUE,TRUE
"TPM1",TRUE,TRUE
"ENSSSCG00000056262",TRUE,TRUE
"TSEN2",TRUE,TRUE
"ENSSSCG00000012071",TRUE,TRUE
"TNFRSF1B",TRUE,TRUE
"INPP5D",TRUE,FALSE
"PRDM1",TRUE,TRUE
"ENSSSCG00000040016",TRUE,TRUE
"HDAC8",TRUE,TRUE
"HERPUD1",TRUE,TRUE
"CDHR3",TRUE,TRUE
"CLDN7",TRUE,TRUE
"WWC1",TRUE,TRUE
"TNFAIP6",TRUE,TRUE
"TMEM154",TRUE,FALSE
"TLR4",TRUE,TRUE
"ZC3H12C",TRUE,TRUE
"CLCA1",TRUE,TRUE
"PIM1",TRUE,FALSE
"NOTCH2",TRUE,FALSE
"PPM1L",TRUE,TRUE
"GATA2",TRUE,TRUE
"CLIC4",TRUE,FALSE
"DPYSL3",TRUE,TRUE
"KRT18",TRUE,TRUE
"ENSSSCG00000049691",TRUE,TRUE
"ARG2",TRUE,FALSE
"ENSSSCG00000010734",TRUE,TRUE
"NEK10",TRUE,TRUE
"MNDA",TRUE,TRUE
"CTSC",TRUE,FALSE
"ENSSSCG00000060262",TRUE,FALSE
"AKR1C8",TRUE,TRUE
"INMT",TRUE,TRUE
"JAK2",TRUE,FALSE
"CREB5",TRUE,TRUE
"S1PR1",TRUE,TRUE
"ELF3",TRUE,TRUE
"VEPH1",TRUE,TRUE
"THRB",TRUE,TRUE
"EFNB2",TRUE,TRUE
"ADAMTSL1",TRUE,TRUE
"PARM1",TRUE,TRUE
"CLCN5",TRUE,TRUE
"STAMBPL1",TRUE,FALSE
"MIDEAS",TRUE,FALSE
"ENSSSCG00000004180",TRUE,TRUE
"CLDN11",TRUE,TRUE
"SETBP1",TRUE,TRUE
"RRAD",TRUE,TRUE
"ROBO2",TRUE,TRUE
"CEMIP2",TRUE,FALSE
"DNAH5",TRUE,TRUE
"PAG1",TRUE,FALSE
"ENSSSCG00000016548",TRUE,TRUE
"SH3PXD2B",TRUE,TRUE
"ENSSSCG00000031242",TRUE,FALSE
"FMO3",TRUE,TRUE
"ASPN",TRUE,TRUE
"DTNA",TRUE,TRUE
"FAR2",TRUE,FALSE
"LRCH1",TRUE,FALSE
"MLF1",TRUE,TRUE
"S100A1",TRUE,TRUE
"H1-0",TRUE,TRUE
"LRBA",TRUE,FALSE
"ZFP36",TRUE,FALSE
"HOATZ",TRUE,TRUE
"ENSSSCG00000028635",TRUE,TRUE
"ENSSSCG00000036274",TRUE,TRUE
"ARHGAP39",TRUE,TRUE
"PRKCA",TRUE,FALSE
"MTUS1",TRUE,TRUE
"DENND5A",TRUE,FALSE
"ENSSSCG00000037376",TRUE,TRUE
"ENSSSCG00000028203",TRUE,TRUE
"HS3ST1",TRUE,TRUE
"CD34",TRUE,TRUE
"CMSS1",TRUE,TRUE
"CD3E",TRUE,FALSE
"CLEC1B",TRUE,TRUE
"OSBPL6",TRUE,TRUE
"CEP290",TRUE,TRUE
"ENSSSCG00000026217",TRUE,FALSE
"ENSSSCG00000030882",TRUE,TRUE
"ENSSSCG00000061408",TRUE,FALSE
"ENSSSCG00000055221",TRUE,FALSE
"PHACTR2",TRUE,FALSE
"MME",TRUE,TRUE
"GPR18",TRUE,FALSE
"IGF2BP2",TRUE,TRUE
"UST",TRUE,TRUE
"DAPP1",TRUE,TRUE
"ENSSSCG00000013556",TRUE,TRUE
"OPHN1",TRUE,TRUE
"PRICKLE2",TRUE,TRUE
"CAMK1D",TRUE,FALSE
"CTLA4",TRUE,TRUE
"FJX1",TRUE,TRUE
"ESM1",TRUE,TRUE
"AFF2",TRUE,TRUE
"HCK",TRUE,FALSE
"PDGFRL",TRUE,TRUE
"ADAMTS5",TRUE,TRUE
"NUGGC",TRUE,TRUE
"CP",TRUE,TRUE
"HEG1",TRUE,TRUE
"ENSSSCG00000009157",TRUE,FALSE
"AGPS",TRUE,TRUE
"GRIK2",TRUE,TRUE
"NFKBIZ",TRUE,TRUE
"RBPMS",TRUE,TRUE
"AHI1",TRUE,FALSE
"CDH11",TRUE,TRUE
"ZHX2",TRUE,FALSE
"AFG2A",TRUE,FALSE
"GRAP2",TRUE,FALSE
"VPS54",TRUE,FALSE
"RETREG1",TRUE,FALSE
"ANXA5",TRUE,TRUE
"FBLN5",TRUE,TRUE
"CAPS",TRUE,TRUE
"MYCBP2",TRUE,FALSE
"STXBP5",TRUE,FALSE
"COL4A2",TRUE,TRUE
"GPR37",TRUE,FALSE
"UNC5C",TRUE,TRUE
"ENSSSCG00000056851",TRUE,TRUE
"DSCAML1",TRUE,TRUE
"PAM",TRUE,TRUE
"LIFR",TRUE,TRUE
"ATF3",TRUE,TRUE
"CD226",TRUE,FALSE
"MATN4",TRUE,TRUE
"HERC5",TRUE,FALSE
"PTPN4",TRUE,FALSE
"DUSP4",TRUE,TRUE
"HIVEP1",TRUE,FALSE
"NOD2",TRUE,FALSE
"PREX1",TRUE,FALSE
"HSD17B2",TRUE,TRUE
"NIBAN1",TRUE,FALSE
"IRF1",TRUE,FALSE
"APP",TRUE,TRUE
"GPAT4",TRUE,FALSE
"DCLK2",TRUE,TRUE
"TPT1",TRUE,FALSE
"TP53I11",TRUE,FALSE
"ANK2",TRUE,TRUE
"CD247",TRUE,FALSE
"RFX3",TRUE,TRUE
"TESPA1",TRUE,TRUE
"HTRA1",TRUE,TRUE
"COL6A6",TRUE,TRUE
"ADCY8",TRUE,TRUE
"MPP7",TRUE,TRUE
"POU2AF1",TRUE,TRUE
"ENSSSCG00000056297",TRUE,FALSE
"IL1RL1",TRUE,TRUE
"SLCO3A1",TRUE,FALSE
"SLA",TRUE,FALSE
"RPS12",TRUE,FALSE
"DPYD",TRUE,FALSE
"GFOD1",TRUE,FALSE
"SBF2",TRUE,TRUE
"ENSSSCG00000022236",TRUE,TRUE
"ENSSSCG00000056370",TRUE,FALSE
"ENSSSCG00000009633",TRUE,FALSE
"PMP22",TRUE,TRUE
"PLEKHM3",TRUE,FALSE
"CLNK",TRUE,TRUE
"MAOB",TRUE,TRUE
"HSPG2",TRUE,TRUE
"SRPK2",TRUE,FALSE
"DIAPH2",TRUE,FALSE
"NCF1",TRUE,FALSE
"PHLDB2",TRUE,TRUE
"SNAI1",TRUE,TRUE
"ENSSSCG00000039658",TRUE,FALSE
"ABLIM1",TRUE,TRUE
"ADGRE5",TRUE,FALSE
"RND3",TRUE,TRUE
"GBP2",TRUE,FALSE
"BICC1",TRUE,TRUE
"ENSSSCG00000054702",TRUE,TRUE
"ENSSSCG00000063532",TRUE,FALSE
"RALGAPA2",TRUE,FALSE
"IYD",TRUE,TRUE
"ENSSSCG00000039758",TRUE,TRUE
"B4GALT5",TRUE,FALSE
"ENSSSCG00000009338",TRUE,TRUE
"CNTN5",TRUE,TRUE
"CCL26",TRUE,TRUE
"LAX1",TRUE,FALSE
"BBS9",TRUE,TRUE
"REL",TRUE,FALSE
"NUMB",TRUE,FALSE
"ZFP36L1",TRUE,FALSE
"NFIA",TRUE,TRUE
"TNFSF11",TRUE,TRUE
"CNN1",TRUE,TRUE
"ENSSSCG00000058289",TRUE,TRUE
"ELP4",TRUE,TRUE
"LRRC1",TRUE,TRUE
"TENT5C",TRUE,TRUE
"WDFY4",TRUE,TRUE
"AGAP1",TRUE,TRUE
"LRRK2",TRUE,FALSE
"ENSSSCG00000000636",TRUE,TRUE
"ALDH1A3",TRUE,TRUE
"SLC22A23",TRUE,TRUE
"ARHGEF3",TRUE,FALSE
"AGTR1",TRUE,TRUE
"ENSSSCG00000058407",TRUE,TRUE
"ENSSSCG00000050522",TRUE,FALSE
"ENSSSCG00000060851",TRUE,TRUE
"IGF2BP3",TRUE,TRUE
"NID1",TRUE,TRUE
"EXOC6B",TRUE,TRUE
"DST",TRUE,TRUE
"TTC28",TRUE,TRUE
"ENSSSCG00000054409",TRUE,FALSE
"MLLT3",TRUE,FALSE
"CFB",TRUE,TRUE
"FGF2",TRUE,TRUE
"SLC25A25",TRUE,FALSE
"TMTC1",TRUE,TRUE
"TRAF1",TRUE,FALSE
"ENSSSCG00000046579",TRUE,TRUE
"SMC4",TRUE,TRUE
"TFPI",TRUE,TRUE
"SPRY1",TRUE,TRUE
"KCNMA1",TRUE,TRUE
"TNNI3",TRUE,TRUE
"CTSV",TRUE,TRUE
"NFAT5",TRUE,FALSE
"TEK",TRUE,TRUE
"ENSSSCG00000034743",TRUE,TRUE
"P3H2",TRUE,TRUE
"PCOLCE",TRUE,TRUE
"SLC16A9",TRUE,TRUE
"ZFAND3",TRUE,FALSE
"PMEPA1",TRUE,TRUE
"MATN2",TRUE,TRUE
"DNAAF11",TRUE,TRUE
"ASPM",TRUE,TRUE
"MYC",TRUE,TRUE
"PEAR1",TRUE,TRUE
"PDE10A",TRUE,TRUE
"FGD4",TRUE,TRUE
"BRAF",TRUE,FALSE
"S100A10",TRUE,TRUE
"NAV3",TRUE,TRUE
"TXNRD1",TRUE,TRUE
"CD80",TRUE,TRUE
"LMO2",TRUE,TRUE
"PRELP",TRUE,TRUE
"PNP",TRUE,TRUE
"SIK3",TRUE,FALSE
"SV2C",TRUE,TRUE
"MAPKAPK2",TRUE,FALSE
"KIF27",TRUE,TRUE
"DNM3",TRUE,TRUE
"EFHC1",TRUE,TRUE
"LAMC1",TRUE,TRUE
"NAALAD2",TRUE,TRUE
"SMC2",TRUE,TRUE
"ENSSSCG00000039217",TRUE,TRUE
"CYTIP",TRUE,FALSE
"LYST",TRUE,FALSE
"SEMA3A",TRUE,TRUE
"LTBP4",TRUE,TRUE
"IPCEF1",TRUE,FALSE
"ENSSSCG00000061754",TRUE,TRUE
"MBOAT1",TRUE,FALSE
"IRAK2",TRUE,TRUE
"ZDHHC14",TRUE,FALSE
"UACA",TRUE,TRUE
"PHYH",TRUE,TRUE
"ENSSSCG00000040522",TRUE,TRUE
"PPP1R16B",TRUE,FALSE
"TMCC1",TRUE,FALSE
"MLXIP",TRUE,FALSE
"PHLDA1",TRUE,TRUE
"GCNT4",TRUE,TRUE
"PLK2",TRUE,TRUE
"IGSF6",TRUE,TRUE
"MTARC2",TRUE,TRUE
"PCNX1",TRUE,TRUE
"ARMC3",TRUE,TRUE
"IL12B",TRUE,TRUE
"SYNE2",TRUE,TRUE
"HK3",TRUE,TRUE
"NTN1",TRUE,TRUE
"PPP3CA",TRUE,FALSE
"FAM185A",TRUE,FALSE
"ST3GAL3",TRUE,TRUE
"ENSSSCG00000006418",TRUE,FALSE
"ENSSSCG00000031170",TRUE,FALSE
"ENSSSCG00000055844",TRUE,TRUE
"SCAPER",TRUE,FALSE
"CLMP",TRUE,TRUE
"FHAD1",TRUE,TRUE
"MACROD2",TRUE,TRUE
"ENSSSCG00000039731",TRUE,TRUE
"GPHN",TRUE,TRUE
"ARHGEF26",TRUE,TRUE
"ADGB",TRUE,TRUE
"NR4A1",TRUE,TRUE
"TMTC2",TRUE,TRUE
"KLF5",TRUE,TRUE
"CCDC146",TRUE,TRUE
"KLHL8",TRUE,FALSE
"ENSSSCG00000054652",TRUE,TRUE
"HYAL2",TRUE,TRUE
"ATP8B4",TRUE,TRUE
"CEP126",TRUE,TRUE
"DOCK8",TRUE,FALSE
"DRC1",TRUE,TRUE
"ROBO1",TRUE,TRUE
"BNC2",TRUE,TRUE
"RAPGEF6",TRUE,FALSE
"TBX21",TRUE,FALSE
"KIAA0825",TRUE,TRUE
"SCFD2",TRUE,TRUE
"SPON1",TRUE,TRUE
"SEMA6A",TRUE,TRUE
"CCR4",TRUE,TRUE
"FHIP1A",TRUE,TRUE
"SLC6A6",TRUE,TRUE
"TRNP1",TRUE,TRUE
"EXO1",TRUE,TRUE
"SSBP2",TRUE,TRUE
"ENSSSCG00000038594",TRUE,TRUE
"EOMES",TRUE,TRUE
"PIK3R5",TRUE,FALSE
"UBXN10",TRUE,TRUE
"ENSSSCG00000059296",TRUE,TRUE
"ENSSSCG00000034555",TRUE,TRUE
"SCD",TRUE,TRUE
"PON1",TRUE,TRUE
"ASIP",TRUE,TRUE
"PEAK1",TRUE,FALSE
"STK39",TRUE,FALSE
"S100A6",TRUE,TRUE
"STXBP6",TRUE,TRUE
"BHLHE40",TRUE,FALSE
"SCNN1G",TRUE,TRUE
"RIGI",TRUE,TRUE
"PCDH7",TRUE,TRUE
"SPTBN1",TRUE,TRUE
"SVIL",TRUE,FALSE
"NAAA",TRUE,TRUE
"ANGPTL4",TRUE,TRUE
"FSCN1",TRUE,TRUE
"ENSSSCG00000021815",TRUE,FALSE
"LAG3",TRUE,TRUE
"RASA2",TRUE,FALSE
"FST",TRUE,TRUE
"PDE5A",TRUE,TRUE
"SDCBP",TRUE,TRUE
"FAM13A",TRUE,TRUE
"ARHGAP26",TRUE,FALSE
"ASB4",TRUE,TRUE
"SOX9",TRUE,TRUE
"JMY",TRUE,FALSE
"CFAP43",TRUE,TRUE
"VPS37B",TRUE,FALSE
"DMD",TRUE,TRUE
"TESK2",TRUE,FALSE
"POLG2",TRUE,FALSE
"PRKN",TRUE,TRUE
"AKT3",TRUE,FALSE
"NEGR1",TRUE,TRUE
"ADGRG6",TRUE,TRUE
"HSPA5",TRUE,TRUE
"SLC4A4",TRUE,TRUE
"IFI30",TRUE,TRUE
"PTN",TRUE,TRUE
"ENSSSCG00000060622",TRUE,FALSE
"EXOC6",TRUE,FALSE
"KCTD12",TRUE,TRUE
"ELL2",TRUE,FALSE
"TPX2",TRUE,TRUE
"TYROBP",TRUE,TRUE
"ENSSSCG00000007336",TRUE,TRUE
"RABGAP1L",TRUE,FALSE
"ANKEF1",TRUE,TRUE
"CRY1",TRUE,FALSE
"SMAD1",TRUE,TRUE
"DMXL2",TRUE,TRUE
"PDCD1LG2",TRUE,TRUE
"OLFML3",TRUE,TRUE
"ENSSSCG00000026653",TRUE,TRUE
"SUFU",TRUE,FALSE
"UGDH",TRUE,TRUE
"CTSK",TRUE,TRUE
"THEMIS",TRUE,TRUE
"TRIB1",TRUE,FALSE
"SLC11A1",TRUE,TRUE
"CLGN",TRUE,TRUE
"PDXK",TRUE,FALSE
"EHBP1",TRUE,FALSE
"GBE1",TRUE,TRUE
"ITPR1",TRUE,FALSE
"TLE4",TRUE,FALSE
"ENSSSCG00000008383",TRUE,TRUE
"TANC1",TRUE,TRUE
"NXN",TRUE,TRUE
"FLT4",TRUE,TRUE
"MDK",TRUE,TRUE
"TENM4",TRUE,TRUE
"TPM2",TRUE,TRUE
"CRYAB",TRUE,TRUE
"TGFB3",TRUE,TRUE
"PRKAR2B",TRUE,FALSE
"PLA2G7",TRUE,TRUE
"MT-CYTB",TRUE,FALSE
"GCSAM",TRUE,TRUE
"FAM135A",TRUE,FALSE
"ANXA4",TRUE,TRUE
"TENM3",TRUE,TRUE
"DENND4A",TRUE,FALSE
"TEC",TRUE,FALSE
"CAMKMT",TRUE,TRUE
"PIK3R1",TRUE,FALSE
"LIMA1",TRUE,TRUE
"ZNF609",TRUE,FALSE
"SLC13A1",TRUE,TRUE
"ENSSSCG00000052671",TRUE,FALSE
"SMURF1",TRUE,FALSE
"LMNTD1",TRUE,TRUE
"IPO11",TRUE,TRUE
"MX1",TRUE,TRUE
"IFIH1",TRUE,FALSE
"MTSS1",TRUE,TRUE
"AKR1B1",TRUE,TRUE
"BCL11B",TRUE,FALSE
"ENSSSCG00000003079",TRUE,TRUE
"GRK5",TRUE,FALSE
"LRRC43",TRUE,FALSE
"ENSSSCG00000016543",TRUE,FALSE
"NFIB",TRUE,TRUE
"PLEKHA5",TRUE,TRUE
"NDRG1",TRUE,TRUE
"CFTR",TRUE,TRUE
"GNAQ",TRUE,FALSE
"FERMT2",TRUE,TRUE
"SCLT1",TRUE,FALSE
"DOCK5",TRUE,FALSE
"PMAIP1",TRUE,FALSE
"GNG10",TRUE,TRUE
"SIPA1L2",TRUE,TRUE
"FRMPD4",TRUE,TRUE
"SH3BP5",TRUE,FALSE
"USP3",TRUE,FALSE
"GALNT1",TRUE,TRUE
"QTMAN",TRUE,FALSE
"NAF1",TRUE,FALSE
"CHSY3",TRUE,TRUE
"COL13A1",TRUE,TRUE
"PEG10",TRUE,TRUE
"MAP2",TRUE,TRUE
"MALT1",TRUE,TRUE
"TMEM45B",TRUE,TRUE
"BMP2",TRUE,TRUE
"ARRDC3",TRUE,TRUE
"SNAI2",TRUE,TRUE
"NLRP3",TRUE,TRUE
"RAMP2",TRUE,TRUE
"KIF11",TRUE,TRUE
"SLCO5A1",TRUE,TRUE
"KIF20B",TRUE,TRUE
"TTF2",TRUE,FALSE
"UBE2C",TRUE,TRUE
"FCRL3",TRUE,TRUE
"LMNB1",TRUE,FALSE
"ENSSSCG00000059465",TRUE,FALSE
"MT-COX1",TRUE,FALSE
"NR3C2",TRUE,TRUE
"SPRY2",TRUE,TRUE
"ENSSSCG00000004123",TRUE,FALSE
"MAP3K2",TRUE,FALSE
"RASSF2",TRUE,FALSE
"ATF7IP2",TRUE,FALSE
"CENPP",TRUE,FALSE
"EEF1A1",TRUE,FALSE
"ENSSSCG00000058619",TRUE,FALSE
"NEDD9",TRUE,FALSE
"MACC1",TRUE,TRUE
"ENSSSCG00000061658",TRUE,TRUE
"TAGAP",TRUE,FALSE
"IRF8",TRUE,TRUE
"NCOA1",TRUE,FALSE
"RDX",TRUE,FALSE
"JAML",TRUE,TRUE
"MAST4",TRUE,TRUE
"ENSSSCG00000059862",TRUE,TRUE
"TOR1AIP1",TRUE,FALSE
"RPS24",TRUE,FALSE
"CX3CR1",TRUE,TRUE
"PLCG2",TRUE,FALSE
"UBALD2",TRUE,FALSE
"PLD1",TRUE,TRUE
"MYZAP",TRUE,TRUE
"SSPN",TRUE,TRUE
"LMCD1",TRUE,TRUE
"ENSSSCG00000052508",TRUE,TRUE
"SORBS1",TRUE,TRUE
"GPM6A",TRUE,TRUE
"DUSP6",TRUE,TRUE
"SGIP1",TRUE,TRUE
"PPP3CC",TRUE,FALSE
"SFMBT2",TRUE,FALSE
"ADGRL4",TRUE,TRUE
"IL6R",TRUE,FALSE
"ASAP3",TRUE,FALSE
"ENSSSCG00000059271",TRUE,FALSE
"ENSSSCG00000028461",TRUE,TRUE
"CFI",TRUE,TRUE
"TRIM2",TRUE,FALSE
"CEP112",TRUE,TRUE
"ENSSSCG00000012257",TRUE,TRUE
"HNMT",TRUE,TRUE
"KLHL29",TRUE,TRUE
"FOXP1",TRUE,FALSE
"FYN",TRUE,FALSE
"GNG11",TRUE,TRUE
"CDC14A",TRUE,FALSE
"ZMYND10",TRUE,TRUE
"ACP5",TRUE,TRUE
"ENSSSCG00000063417",TRUE,TRUE
"ST3GAL5",TRUE,FALSE
"LPCAT2",TRUE,FALSE
"TCF7L2",TRUE,TRUE
"SOS1",TRUE,FALSE
"FAM216B",TRUE,TRUE
"ENSSSCG00000033909",TRUE,FALSE
"ISOC1",TRUE,TRUE
"ETV6",TRUE,FALSE
"FCHSD2",TRUE,FALSE
"UBE2H",TRUE,FALSE
"MEIS1",TRUE,TRUE
"AKAP9",TRUE,FALSE
"FMN1",TRUE,TRUE
"BMPR2",TRUE,FALSE
"NFKB1",TRUE,FALSE
"STAT1",TRUE,FALSE
"OSMR",TRUE,TRUE
"EMP2",TRUE,TRUE
"RPS6KA3",TRUE,FALSE
"SNTB2",TRUE,FALSE
"ZCCHC7",TRUE,FALSE
"CSTB",TRUE,TRUE
"GHR",TRUE,TRUE
"ENSSSCG00000061405",TRUE,TRUE
"TBC1D8",TRUE,TRUE
"ZNF654",TRUE,FALSE
"PLXNC1",TRUE,TRUE
"PTGFR",TRUE,TRUE
"DCDC1",TRUE,TRUE
"NR4A2",TRUE,FALSE
"ANK1",TRUE,TRUE
"PKP4",TRUE,TRUE
"CH25H",TRUE,TRUE
"RARRES1",TRUE,TRUE
"ANTXR2",TRUE,TRUE
"TIFA",TRUE,TRUE
"MAGI2",TRUE,TRUE
"CCND3",TRUE,FALSE
"ELOVL6",TRUE,FALSE
"PAPSS2",TRUE,TRUE
"GULP1",TRUE,TRUE
"PPP1R13B",TRUE,FALSE
"ENSSSCG00000042638",TRUE,FALSE
"ENSSSCG00000049524",TRUE,TRUE
"CDC42BPA",TRUE,TRUE
"DCLK1",TRUE,TRUE
"SLC39A8",TRUE,TRUE
"PLXNA4",TRUE,TRUE
"RGCC",TRUE,TRUE
"OSBPL11",TRUE,TRUE
"ENSSSCG00000033933",TRUE,TRUE
"ENSSSCG00000040100",TRUE,FALSE
"TNIP1",TRUE,FALSE
"ENSSSCG00000057026",TRUE,FALSE
"ENSSSCG00000040707",TRUE,TRUE
"LNX1",TRUE,TRUE
"RUNX3",TRUE,FALSE
"ZNF292",TRUE,FALSE
"ATOSA",TRUE,FALSE
"SRGAP1",TRUE,TRUE
"PROX1",TRUE,TRUE
"NCOA2",TRUE,FALSE
"PIP5K1B",TRUE,TRUE
"ENSSSCG00000044382",TRUE,FALSE
"RYR2",TRUE,TRUE
"TINAGL1",TRUE,TRUE
"ZNF644",TRUE,FALSE
"DNAAF8",TRUE,TRUE
"KYNU",TRUE,TRUE
"THSD4",TRUE,TRUE
"FAXDC2",TRUE,TRUE
"IFNAR2",TRUE,FALSE
"ENSSSCG00000004179",TRUE,TRUE
"RNF169",TRUE,FALSE
"STAG1",TRUE,FALSE
"ARL4A",TRUE,TRUE
"ENSSSCG00000042741",TRUE,FALSE
"PCDH9",TRUE,TRUE
"RPL23A",TRUE,FALSE
"SDCBP2",TRUE,TRUE
"FLNB",TRUE,TRUE
"PTAFR",TRUE,FALSE
"FAM171A1",TRUE,TRUE
"FGF7",TRUE,TRUE
"RNF144B",TRUE,TRUE
"ZNF280C",TRUE,FALSE
"ERC1",TRUE,FALSE
"ATG7",TRUE,TRUE
"NTN4",TRUE,TRUE
"RAB31",TRUE,FALSE
"MT-ND4",TRUE,FALSE
"PAK1",TRUE,TRUE
"MOB3B",TRUE,TRUE
"CNOT6L",TRUE,FALSE
"GPR174",TRUE,FALSE
"CCRL2",TRUE,FALSE
"GLS",TRUE,FALSE
"CAB39L",TRUE,FALSE
"ENSSSCG00000013714",TRUE,TRUE
"RNASE4",TRUE,TRUE
"ELF1",TRUE,FALSE
"SLC38A1",TRUE,FALSE
"ENSSSCG00000055443",TRUE,TRUE
"RGL1",TRUE,TRUE
"NPL",TRUE,TRUE
"FCGR1A",TRUE,TRUE
"MRTFB",TRUE,FALSE
"CEP128",TRUE,FALSE
"LRRC10B",TRUE,TRUE
"FBXL17",TRUE,FALSE
"IQGAP2",TRUE,FALSE
"ENC1",TRUE,TRUE
"DENND5B",TRUE,TRUE
"ESAM",TRUE,TRUE
"HIPK2",TRUE,FALSE
"KDM6A",TRUE,FALSE
"FOXP2",TRUE,TRUE
"EHD2",TRUE,TRUE
"DNAH7",TRUE,TRUE
"LAPTM4A",TRUE,FALSE
"IRS2",TRUE,TRUE
"HLF",TRUE,TRUE
"SUGCT",TRUE,TRUE
"ENSSSCG00000034853",TRUE,TRUE
"CMYA5",TRUE,TRUE
"SULT1A3",TRUE,TRUE
"TMEM178B",TRUE,TRUE
"LAMB1",TRUE,TRUE
"LRATD1",TRUE,TRUE
"CDKAL1",TRUE,FALSE
"GPX1",TRUE,TRUE
"ENSSSCG00000015565",TRUE,TRUE
"NCAPG",TRUE,TRUE
"RELL1",TRUE,TRUE
"VPS13B",TRUE,FALSE
"NF1",TRUE,FALSE
"TIGIT",TRUE,FALSE
"ENSSSCG00000036948",TRUE,TRUE
"ENSSSCG00000044205",TRUE,TRUE
"OAS1",TRUE,TRUE
"PDE8A",TRUE,FALSE
"BCAM",TRUE,TRUE
"NFIX",TRUE,TRUE
"CLEC1A",TRUE,TRUE
"IL10RB",TRUE,FALSE
"ENSSSCG00000015645",TRUE,FALSE
"COL4A5",TRUE,TRUE
"CCNG1",TRUE,TRUE
"GPR31",TRUE,TRUE
"RIN3",TRUE,FALSE
"C5orf34",TRUE,FALSE
"SNX25",TRUE,FALSE
"GPRC5C",TRUE,TRUE
"FOXF1",TRUE,TRUE
"RBM20",TRUE,TRUE
"ENSSSCG00000017920",TRUE,TRUE
"NOCT",TRUE,TRUE
"NAALADL2",TRUE,TRUE
"GPR82",TRUE,TRUE
"SH3BGRL2",TRUE,TRUE
"STK3",TRUE,FALSE
"PGD",TRUE,TRUE
"VWA3B",TRUE,TRUE
"SLC19A2",TRUE,FALSE
"RAPGEF4",TRUE,TRUE
"RUNX1T1",TRUE,TRUE
"ACER2",TRUE,TRUE
"ENSSSCG00000020777",TRUE,FALSE
"CPEB3",TRUE,FALSE
"SLC4A5",TRUE,TRUE
"TNFAIP8L3",TRUE,TRUE
"CACHD1",TRUE,TRUE
"TOX2",TRUE,TRUE
"AVIL",TRUE,TRUE
"CD48",TRUE,FALSE
"NSMCE2",TRUE,FALSE
"NFATC2",TRUE,FALSE
"SLC37A3",TRUE,FALSE
"RPS6KA5",TRUE,FALSE
"C16orf74",TRUE,TRUE
"FAM222B",TRUE,FALSE
"FARP1",TRUE,TRUE
"ZSWIM6",TRUE,FALSE
"CFAP126",TRUE,TRUE
"ZNF827",TRUE,FALSE
"MAL2",TRUE,TRUE
"BIRC2",TRUE,FALSE
"ASAP1",TRUE,FALSE
"INSIG1",TRUE,TRUE
"FCRLA",TRUE,TRUE
"ENSSSCG00000040829",TRUE,TRUE
"UBASH3B",TRUE,TRUE
"DNAH2",TRUE,TRUE
"L1CAM",TRUE,TRUE
"IL21R",TRUE,TRUE
"SAMD3",TRUE,FALSE
"CARMIL1",TRUE,TRUE
"PARD6G",TRUE,TRUE
"ABCA5",TRUE,TRUE
"DYNLRB2",TRUE,TRUE
"TMEM204",TRUE,TRUE
"CLIP1",TRUE,FALSE
"MPEG1",TRUE,TRUE
"FNIP2",TRUE,FALSE
"DAAM1",TRUE,TRUE
"DLGAP5",TRUE,TRUE
"TMEM140",TRUE,FALSE
"SLC22A15",TRUE,FALSE
"FER",TRUE,TRUE
"LRRC70",TRUE,TRUE
"PIERCE1",TRUE,TRUE
"ENSSSCG00000057673",TRUE,TRUE
"N4BP1",TRUE,FALSE
"MXI1",TRUE,FALSE
"STK17B",TRUE,FALSE
"TLL1",TRUE,TRUE
"BEND4",TRUE,TRUE
"LCK",TRUE,FALSE
"FAM241A",TRUE,FALSE
"HIP1",TRUE,TRUE
"UMAD1",TRUE,FALSE
"BABAM2",TRUE,FALSE
"SOX17",TRUE,TRUE
"BCAS1",TRUE,TRUE
"XKR6",TRUE,FALSE
"FANCC",TRUE,TRUE
"AHR",TRUE,FALSE
"EEIG1",TRUE,FALSE
"CHODL",TRUE,FALSE
"LAPTM4B",TRUE,TRUE
"ELN",TRUE,TRUE
"BGN",TRUE,TRUE
"KAT6B",TRUE,FALSE
"PTMA",TRUE,FALSE
"NID2",TRUE,TRUE
"BAZ2B",TRUE,FALSE
"UAP1",TRUE,TRUE
"RASGRP1",TRUE,FALSE
"FAM43A",TRUE,TRUE
"DENND11",TRUE,FALSE
"ZNF704",TRUE,FALSE
"ENSSSCG00000016215",TRUE,TRUE
"PHF21A",TRUE,FALSE
"POU6F2",TRUE,TRUE
"SPA17",TRUE,TRUE
"CETN2",TRUE,TRUE
"DHTKD1",TRUE,TRUE
"CRYBG1",TRUE,TRUE
"TEAD1",TRUE,TRUE
"ENSSSCG00000030801",TRUE,FALSE
"THBS2",TRUE,TRUE
"RNF157",TRUE,FALSE
"HPSE",TRUE,TRUE
"ENSSSCG00000061621",TRUE,TRUE
"EIF2AK3",TRUE,FALSE
"ACSL3",TRUE,TRUE
"SNX30",TRUE,FALSE
"TBC1D5",TRUE,FALSE
"TTBK2",TRUE,FALSE
"HYCC1",TRUE,FALSE
"PLSCR4",TRUE,TRUE
"C1orf54",TRUE,TRUE
"ARHGAP10",TRUE,FALSE
"RGS13",TRUE,TRUE
"ENSSSCG00000062186",TRUE,FALSE
"PFKFB3",TRUE,FALSE
"COG5",TRUE,FALSE
"AEBP1",TRUE,TRUE
"ENSSSCG00000058255",TRUE,TRUE
"ANKRD22",TRUE,TRUE
"RASSF9",TRUE,TRUE
"SAP130",TRUE,FALSE
"HIP1R",TRUE,FALSE
"PDLIM5",TRUE,FALSE
"GADD45G",TRUE,TRUE
"CLIC6",TRUE,TRUE
"TCN1",TRUE,TRUE
"HMGB1",TRUE,TRUE
"TKT",TRUE,TRUE
"PFKFB4",TRUE,FALSE
"LANCL2",TRUE,FALSE
"USP37",TRUE,FALSE
"NFKB2",TRUE,FALSE
"NLK",TRUE,FALSE
"TCN2",TRUE,TRUE
"HSPB8",TRUE,TRUE
"GSAP",TRUE,FALSE
"TLE1",TRUE,TRUE
"KLHL15",TRUE,FALSE
"DNAI4",TRUE,TRUE
"NIPAL1",TRUE,FALSE
"LURAP1L",TRUE,TRUE
"COTL1",TRUE,FALSE
"UGP2",TRUE,TRUE
"MAP2K5",TRUE,FALSE
"DPF3",TRUE,FALSE
"ENSSSCG00000028092",TRUE,FALSE
"PPP2R3A",TRUE,TRUE
"ENSSSCG00000038912",TRUE,FALSE
"LPAR3",TRUE,TRUE
"COBLL1",TRUE,TRUE
"NBEA",TRUE,TRUE
"C21orf91",TRUE,FALSE
"SLC9A7",TRUE,FALSE
"FOXN3",TRUE,FALSE
"MACF1",TRUE,FALSE
"RASSF3",TRUE,FALSE
"ZNRF1",TRUE,FALSE
"VTI1A",TRUE,FALSE
"ENSSSCG00000055564",TRUE,TRUE
"ENSSSCG00000054097",TRUE,TRUE
"AMBRA1",TRUE,FALSE
"MYO9A",TRUE,FALSE
"PDGFC",TRUE,TRUE
"ENSSSCG00000057494",TRUE,FALSE
"GRAMD2B",TRUE,TRUE
"LDLRAD3",TRUE,TRUE
"TPK1",TRUE,TRUE
"DIP2B",TRUE,FALSE
"PIK3CD",TRUE,FALSE
"PTPRE",TRUE,FALSE
"PRDX6",TRUE,TRUE
"SCN3A",TRUE,TRUE
"ENSSSCG00000011121",TRUE,FALSE
"JPH1",TRUE,TRUE
"BCL6B",TRUE,TRUE
"ENAH",TRUE,TRUE
"IL18RAP",TRUE,FALSE
"CD2AP",TRUE,TRUE
"MT-ND2",TRUE,FALSE
"SRPX",TRUE,TRUE
"CACNA2D1",TRUE,TRUE
"HECW2",TRUE,FALSE
"MX2",TRUE,TRUE
"RNF2",TRUE,FALSE
"NKG7",TRUE,FALSE
"PIP4K2A",TRUE,FALSE
"KITLG",TRUE,TRUE
"IFI6",TRUE,TRUE
"RAPGEF2",TRUE,FALSE
"PRNP",TRUE,TRUE
"CD8B",TRUE,FALSE
"MT-ND5",TRUE,FALSE
"NRP1",TRUE,TRUE
"SBSPON",TRUE,TRUE
"TNFRSF18",TRUE,FALSE
"ZNF804A",TRUE,TRUE
"SPINT2",TRUE,TRUE
"VWA5A",TRUE,TRUE
"DKK3",TRUE,TRUE
"FZD6",TRUE,TRUE
"ENSSSCG00000059499",TRUE,TRUE
"ADAMTS2",TRUE,TRUE
"ABCC1",TRUE,FALSE
"MYBL2",TRUE,TRUE
"CCNG2",TRUE,FALSE
"CLSPN",TRUE,TRUE
"RALGAPA1",TRUE,FALSE
"ENSSSCG00000059852",TRUE,TRUE
"LIPA",TRUE,TRUE
"ECE1",TRUE,FALSE
"CAMK2N1",TRUE,TRUE
"ARL5B",TRUE,FALSE
"ERRFI1",TRUE,TRUE
"ETV1",TRUE,TRUE
"PPT1",TRUE,TRUE
"PSD3",TRUE,TRUE
"LRP11",TRUE,TRUE
"ZNF385B",TRUE,TRUE
"TPM4",TRUE,TRUE
"ARSB",TRUE,FALSE
"NR2F1",TRUE,TRUE
"ENSSSCG00000016119",TRUE,TRUE
"ENSSSCG00000059334",TRUE,FALSE
"ENSSSCG00000017164",TRUE,TRUE
"KIF21A",TRUE,TRUE
"TMEM163",TRUE,TRUE
"CACNB2",TRUE,TRUE
"TRMO",TRUE,TRUE
"ZSWIM5",TRUE,TRUE
"SCMH1",TRUE,FALSE
"CDKN1C",TRUE,TRUE
"EPB41L3",TRUE,TRUE
"ACVRL1",TRUE,TRUE
"ENSSSCG00000014997",TRUE,FALSE
"ARB2A",TRUE,FALSE
"DIAPH3",TRUE,TRUE
"GPR65",TRUE,FALSE
"RSPO3",TRUE,TRUE
"PLCL2",TRUE,FALSE
"VWA3A",TRUE,TRUE
"TMEM245",TRUE,TRUE
"BLTP1",TRUE,FALSE
"REV3L",TRUE,FALSE
"BICD1",TRUE,TRUE
"NYAP2",TRUE,TRUE
"RANBP17",TRUE,FALSE
"FAS",TRUE,FALSE
"IL10RA",TRUE,FALSE
"RPL37",TRUE,FALSE
"TLCD4",TRUE,TRUE
"TMPRSS2",TRUE,TRUE
"LRRC8C",TRUE,FALSE
"PTGES",TRUE,TRUE
"IRAK3",TRUE,FALSE
"FAM117B",TRUE,FALSE
"ZNF462",TRUE,FALSE
"RP2",TRUE,FALSE
"SLC24A3",TRUE,TRUE
"CTSH",TRUE,TRUE
"CRY2",TRUE,FALSE
"ENSSSCG00000051290",TRUE,FALSE
"VWA8",TRUE,FALSE
"ARHGAP44",TRUE,TRUE
"ENSSSCG00000003965",TRUE,TRUE
"CD86",TRUE,TRUE
"PPP1R12B",TRUE,FALSE
"MT-ND1",TRUE,FALSE
"SLC12A2",TRUE,TRUE
"ROBO4",TRUE,TRUE
"BTBD3",TRUE,FALSE
"CDK1",TRUE,TRUE
"EGR2",TRUE,TRUE
"SAMHD1",TRUE,FALSE
"MT-COX3",TRUE,FALSE
"STAT5B",TRUE,FALSE
"RNF122",TRUE,FALSE
"NEO1",TRUE,TRUE
"ENSSSCG00000042281",TRUE,FALSE
"LARGE1",TRUE,TRUE
"RCAN2",TRUE,TRUE
"ARID2",TRUE,FALSE
"VCL",TRUE,FALSE
"STK38L",TRUE,FALSE
"SMAD7",TRUE,FALSE
"RALGDS",TRUE,FALSE
"ATR",TRUE,FALSE
"FBXO11",TRUE,FALSE
"LIN52",TRUE,FALSE
"SMG6",TRUE,FALSE
"MORN5",TRUE,TRUE
"ATF7",TRUE,FALSE
"TFEC",TRUE,TRUE
"LUZP1",TRUE,TRUE
"IFT80",TRUE,FALSE
"ITSN1",TRUE,TRUE
"CMIP",TRUE,FALSE
"USP15",TRUE,FALSE
"BACH1",TRUE,FALSE
"CPEB2",TRUE,FALSE
"ERAP2",TRUE,FALSE
"IFNGR2",TRUE,FALSE
"ITGB6",TRUE,TRUE
"CGNL1",TRUE,TRUE
"LMBR1",TRUE,FALSE
"CYBRD1",TRUE,TRUE
"TSC22D2",TRUE,FALSE
"OCLN",TRUE,TRUE
"ABCA9",TRUE,TRUE
"AHRR",TRUE,FALSE
"LNPEP",TRUE,FALSE
"CHD2",TRUE,FALSE
"STPG4",TRUE,FALSE
"ADAMTSL3",TRUE,TRUE
"FAM114A1",TRUE,TRUE
"NRF1",TRUE,FALSE
"NAGK",TRUE,FALSE
"GAN",TRUE,FALSE
"MAP4K4",TRUE,FALSE
"GIPC2",TRUE,TRUE
"ITGAV",TRUE,TRUE
"MCOLN2",TRUE,FALSE
"SUSD1",TRUE,FALSE
"USP54",TRUE,TRUE
"FAF1",TRUE,FALSE
"UVRAG",TRUE,FALSE
"IRF7",TRUE,FALSE
"SCARB1",TRUE,TRUE
"CFAP276",TRUE,TRUE
"PRKACB",TRUE,FALSE
"ENSSSCG00000013100",TRUE,TRUE
"STOX2",TRUE,TRUE
"ENSSSCG00000049811",TRUE,FALSE
"EEPD1",TRUE,TRUE
"LMNA",TRUE,TRUE
"ROR1",TRUE,TRUE
"RELB",TRUE,FALSE
"ATRN",TRUE,FALSE
"SLC4A7",TRUE,FALSE
"PDGFRB",TRUE,TRUE
"HACL1",TRUE,TRUE
"MSRA",TRUE,FALSE
"ISG20",TRUE,FALSE
"SLC39A14",TRUE,TRUE
"TP63",TRUE,TRUE
"ENSSSCG00000004082",TRUE,FALSE
"BICRAL",TRUE,FALSE
"PAQR8",TRUE,FALSE
"PHF11",TRUE,FALSE
"MGAT4A",TRUE,FALSE
"CEP85L",TRUE,FALSE
"RPS20",TRUE,FALSE
"ENSSSCG00000010770",TRUE,TRUE
"ENSSSCG00000055468",TRUE,TRUE
"CASP7",TRUE,TRUE
"RPS27A",TRUE,FALSE
"APBB1IP",TRUE,FALSE
"GNA14",TRUE,TRUE
"FNBP4",TRUE,FALSE
"ENSSSCG00000033385",TRUE,FALSE
"RARB",TRUE,TRUE
"ELL3",TRUE,TRUE
"UBASH3A",TRUE,FALSE
"CEP120",TRUE,FALSE
"SH3BP4",TRUE,FALSE
"ABCG1",TRUE,FALSE
"CAMK2D",TRUE,FALSE
"ENSSSCG00000059775",TRUE,TRUE
"STK26",TRUE,FALSE
"CPPED1",TRUE,TRUE
"SAMD4A",TRUE,TRUE
"ENSSSCG00000056610",TRUE,FALSE
"LBH",TRUE,FALSE
"SLAMF1",TRUE,FALSE
"FTO",TRUE,FALSE
"TBC1D9",TRUE,FALSE
"G2E3",TRUE,FALSE
"ENSSSCG00000033786",TRUE,FALSE
"ENSSSCG00000048896",TRUE,FALSE
"BCL2L11",TRUE,FALSE
"ENSSSCG00000053348",TRUE,FALSE
"NRP2",TRUE,TRUE
"HERPUD2",TRUE,FALSE
"ALCAM",TRUE,FALSE
"CCBE1",TRUE,TRUE
"MAMDC2",TRUE,TRUE
"ENSSSCG00000037142",TRUE,TRUE
"RRBP1",TRUE,FALSE
"RNF19A",TRUE,FALSE
"TMEM156",TRUE,FALSE
"SLC7A7",TRUE,TRUE
"MIA3",TRUE,FALSE
"ENSSSCG00000015390",TRUE,TRUE
"P2RY12",TRUE,TRUE
"KANSL1L",TRUE,FALSE
"WHRN",TRUE,FALSE
"STIM1",TRUE,FALSE
"SORT1",TRUE,TRUE
"KIF13A",TRUE,TRUE
"GPCPD1",TRUE,TRUE
"ENSSSCG00000058942",TRUE,FALSE
"DLG1",TRUE,FALSE
"ZNFX1",TRUE,FALSE
"PLAGL2",TRUE,FALSE
"PIGN",TRUE,FALSE
"ENSSSCG00000055147",TRUE,TRUE
"PRXL2A",TRUE,TRUE
"BMP6",TRUE,TRUE
"MAN2A1",TRUE,FALSE
"TNFSF8",TRUE,FALSE
"LRRK1",TRUE,TRUE
"MARCKSL1",TRUE,TRUE
"TUT4",TRUE,FALSE
"ADAMTS12",TRUE,TRUE
"SNX29",TRUE,FALSE
"RNF149",TRUE,FALSE
"SMAD3",TRUE,FALSE
"BATF",TRUE,FALSE
"DISP1",TRUE,FALSE
"ENSSSCG00000037565",TRUE,TRUE
"SESN3",TRUE,FALSE
"ANGPT1",TRUE,TRUE
"SERPINB9",TRUE,FALSE
"KLF4",TRUE,TRUE
"WDR7",TRUE,FALSE
"RAB19",TRUE,FALSE
"HECTD4",TRUE,FALSE
"PALLD",TRUE,TRUE
"EML4",TRUE,FALSE
"MYO9B",TRUE,FALSE
"CUX2",TRUE,TRUE
"MBNL2",TRUE,FALSE
"CNOT9",TRUE,FALSE
"NLRC5",TRUE,FALSE
"MED12L",TRUE,FALSE
"ULK4",TRUE,FALSE
"EIF4G3",TRUE,FALSE
"ABCG2A",TRUE,FALSE
"CD200",TRUE,TRUE
"DNAH3",TRUE,TRUE
"PHTF2",TRUE,FALSE
"ANKRD37",TRUE,TRUE
"ARMH3",TRUE,FALSE
"GMFG",TRUE,TRUE
"GCLC",TRUE,TRUE
"CSPP1",TRUE,FALSE
"DYNC2H1",TRUE,TRUE
"BMPER",TRUE,TRUE
"SDCCAG8",TRUE,FALSE
"LAMA2",TRUE,TRUE
"EIF2AK2",TRUE,FALSE
"MBTD1",TRUE,FALSE
"GALNT7",TRUE,FALSE
"COLEC12",TRUE,TRUE
"ENSSSCG00000039407",TRUE,FALSE
"PDGFB",TRUE,TRUE
"GNB4",TRUE,FALSE
"NSF",TRUE,FALSE
"FNBP1",TRUE,FALSE
"MED13L",TRUE,FALSE
"ZNF521",TRUE,TRUE
"VASP",TRUE,FALSE
"FMNL3",TRUE,FALSE
"NR3C1",TRUE,FALSE
"DCUN1D3",TRUE,FALSE
"ARHGAP42",TRUE,TRUE
"SAXO2",TRUE,TRUE
"LCP2",TRUE,FALSE
"LDHC",TRUE,FALSE
"OGFRL1",TRUE,TRUE
"ITGA2",TRUE,TRUE
"SESN1",TRUE,FALSE
"FCER1G",TRUE,TRUE
"WASF3",TRUE,TRUE
"IKZF1",TRUE,FALSE
"ENSSSCG00000052432",TRUE,FALSE
"MT-ATP6",TRUE,FALSE
"RAB7B",TRUE,TRUE
"ANKRD28",TRUE,FALSE
"INO80D",TRUE,FALSE
"CCDC181",TRUE,TRUE
"ASH1L",TRUE,FALSE
"ID1",TRUE,TRUE
"DOCK1",TRUE,FALSE
"ENSSSCG00000004687",TRUE,FALSE
"FBXW7",TRUE,FALSE
"NOL4L",TRUE,FALSE
"ARMH4",TRUE,TRUE
"NCOA7",TRUE,FALSE
"CDK8",TRUE,FALSE
"HPCAL1",TRUE,FALSE
"OSBPL1A",TRUE,TRUE
"SMURF2",TRUE,FALSE
"ENSSSCG00000007066",TRUE,FALSE
"C1orf115",TRUE,TRUE
"CFLAR",TRUE,FALSE
"IER2",TRUE,FALSE
"NAMPT",TRUE,FALSE
"FRMD4A",TRUE,TRUE
"SSH1",TRUE,FALSE
"EGLN3",TRUE,FALSE
"DIS3L2",TRUE,FALSE
"MYLIP",TRUE,FALSE
"FNDC1",TRUE,FALSE
"MKLN1",TRUE,FALSE
"FAM219A",TRUE,FALSE
"GK5",TRUE,FALSE
"PTPRJ",TRUE,FALSE
"AFAP1L1",TRUE,TRUE
"TEFM",TRUE,FALSE
"MYBL1",TRUE,TRUE
"DIPK1A",TRUE,FALSE
"ENSSSCG00000012126",TRUE,TRUE
"MSRB3",TRUE,TRUE
"GIMAP4",TRUE,FALSE
"SNX18",TRUE,FALSE
"CDK17",TRUE,FALSE
"STAU2",TRUE,FALSE
"TOM1",TRUE,FALSE
"RBM41",TRUE,FALSE
"FAM111A",TRUE,TRUE
"ANKRD42",TRUE,FALSE
"MAP4K5",TRUE,FALSE
"ARID4B",TRUE,FALSE
"ARHGAP25",TRUE,FALSE
"ENSSSCG00000024696",TRUE,TRUE
"GPATCH2",TRUE,FALSE
"GOLGB1",TRUE,FALSE
"PTBP2",TRUE,FALSE
"DGKE",TRUE,FALSE
"ENSSSCG00000059843",TRUE,TRUE
"SPCS1",TRUE,TRUE
"PIK3CA",TRUE,FALSE
"MMS22L",TRUE,FALSE
"ENSSSCG00000054384",TRUE,TRUE
"LDAH",TRUE,TRUE
"TTLL5",TRUE,FALSE
"JMJD1C",TRUE,FALSE
"ZBTB41",TRUE,FALSE
"PBX3",TRUE,FALSE
"PLA2G4A",TRUE,FALSE
"FBXO9",TRUE,FALSE
"FNIP1",TRUE,FALSE
"EHF",TRUE,TRUE
"ENSSSCG00000036622",TRUE,TRUE
"ENSSSCG00000060097",TRUE,FALSE
"FBXL20",TRUE,FALSE
"AFG1L",TRUE,FALSE
"CABLES1",TRUE,TRUE
"ABLIM3",TRUE,FALSE
"CAPG",TRUE,TRUE
"CDKL2",TRUE,TRUE
"TJP2",TRUE,TRUE
"MAFF",TRUE,TRUE
"LIMK2",TRUE,FALSE
"FAM171B",TRUE,FALSE
"MYO1B",TRUE,TRUE
"PALMD",TRUE,TRUE
"CREB1",TRUE,FALSE
"KAZN",TRUE,TRUE
"ANO6",TRUE,FALSE
"CRADD",TRUE,FALSE
"KDM4C",TRUE,FALSE
"LRIG1",TRUE,TRUE
"ENSSSCG00000051930",TRUE,FALSE
"LCOR",TRUE,FALSE
"SPACA9",TRUE,TRUE
"LDLRAD4",TRUE,FALSE
"ODC1",TRUE,FALSE
"TNFRSF13C",TRUE,TRUE
"RFX7",TRUE,FALSE
"TNRC6B",TRUE,FALSE
"TTC21A",TRUE,TRUE
"LPIN1",TRUE,FALSE
"UBAP2",TRUE,FALSE
"SLC16A7",TRUE,TRUE
"EPB41L4A",TRUE,TRUE
"RAP1GDS1",TRUE,FALSE
"MINDY2",TRUE,FALSE
"TASP1",TRUE,FALSE
"CD53",TRUE,FALSE
"NET1",TRUE,FALSE
"CHST12",TRUE,FALSE
"LCORL",TRUE,FALSE
"SHTN1",TRUE,TRUE
"TCAF1",TRUE,TRUE
"ENSSSCG00000059588",TRUE,TRUE
"ADAM8",TRUE,FALSE
"DISC1",TRUE,FALSE
"LY86",TRUE,TRUE
"HMGN2",TRUE,TRUE
"AMOTL2",TRUE,TRUE
"EPG5",TRUE,FALSE
"ENSSSCG00000007023",TRUE,FALSE
"IL4R",TRUE,FALSE
"HERC4",TRUE,FALSE
"LAMB2",TRUE,TRUE
"CITED2",TRUE,FALSE
"FGGY",TRUE,FALSE
"RGS16",TRUE,FALSE
"ELOVL7",TRUE,TRUE
"CORO1A",TRUE,FALSE
"ENSSSCG00000059893",TRUE,FALSE
"NHERF2",TRUE,TRUE
"SH3D19",TRUE,TRUE
"VPS13A",TRUE,FALSE
"EFHD2",TRUE,FALSE
"PATJ",TRUE,TRUE
"PTPRG",TRUE,FALSE
"ENSSSCG00000056226",TRUE,TRUE
"ZNF318",TRUE,FALSE
"ENSSSCG00000028717",TRUE,TRUE
"FUT2",TRUE,TRUE
"ENSSSCG00000015383",TRUE,TRUE
"SLC11A2",TRUE,FALSE
"ADK",TRUE,FALSE
"ARHGEF11",TRUE,FALSE
"KANSL1",TRUE,FALSE
"NEDD4L",TRUE,TRUE
"C9",TRUE,TRUE
"UBE2G1",TRUE,FALSE
"SMG1",TRUE,FALSE
"PRKD1",TRUE,TRUE
"SGO2",TRUE,TRUE
"CDIN1",TRUE,FALSE
"CLASP2",TRUE,FALSE
"RB1",TRUE,FALSE
"ENSSSCG00000031776",TRUE,FALSE
"C12orf75",TRUE,TRUE
"ENSSSCG00000032591",TRUE,TRUE
"ZNF710",TRUE,FALSE
"PDGFA",TRUE,TRUE
"DNAH10",TRUE,TRUE
"DPP4",TRUE,TRUE
"CMTM8",TRUE,TRUE
"KIAA1328",TRUE,FALSE
"RASSF8",TRUE,TRUE
"SGK3",TRUE,FALSE
"COL18A1",TRUE,TRUE
"SEC24A",TRUE,FALSE
"ENSSSCG00000025485",TRUE,FALSE
"CYFIP2",TRUE,FALSE
"S1PR5",TRUE,FALSE
"KLF6",TRUE,FALSE
"FLRT2",TRUE,TRUE
"TRANK1",TRUE,FALSE
"SCHIP1",TRUE,TRUE
"UPP1",TRUE,TRUE
"SH3PXD2A",TRUE,TRUE
"FURIN",TRUE,FALSE
"RFWD3",TRUE,FALSE
"ENSSSCG00000002260",TRUE,FALSE
"WDPCP",TRUE,TRUE
"SPIB",TRUE,TRUE
"TMEM47",TRUE,TRUE
"SCG5",TRUE,FALSE
"PIK3R3",TRUE,FALSE
"HGF",TRUE,TRUE
"KIAA0040",TRUE,FALSE
"ODAD4",TRUE,TRUE
"GPR155",TRUE,FALSE
"ENSSSCG00000027557",TRUE,FALSE
"ENSSSCG00000057146",TRUE,FALSE
"B3GLCT",TRUE,FALSE
"PLAC9",TRUE,TRUE
"PGAP1",TRUE,FALSE
"ENSSSCG00000054135",TRUE,FALSE
"MAP3K9",TRUE,FALSE
"CFAP70",TRUE,TRUE
"PIK3CB",TRUE,FALSE
"ENSSSCG00000045290",TRUE,FALSE
"BMF",TRUE,FALSE
"BMP4",TRUE,TRUE
"FASLG",TRUE,FALSE
"ENSSSCG00000009293",TRUE,FALSE
"RASA1",TRUE,FALSE
"GLYR1",TRUE,FALSE
"AKNA",TRUE,FALSE
"ITGB7",TRUE,FALSE
"INPP4A",TRUE,FALSE
"SLC2A13",TRUE,FALSE
"ARHGEF12",TRUE,FALSE
"FKBP5",TRUE,FALSE
"EPB41",TRUE,FALSE
"ENSSSCG00000006344",TRUE,TRUE
"GNA12",TRUE,FALSE
"SLC12A6",TRUE,FALSE
"NEK7",TRUE,FALSE
"ENSSSCG00000010440",TRUE,FALSE
"KMT2A",TRUE,FALSE
"NFATC3",TRUE,FALSE
"SIK2",TRUE,TRUE
"GM2A",TRUE,TRUE
"FNDC3A",TRUE,FALSE
"KSR1",TRUE,FALSE
"COP1",TRUE,FALSE
"TMEM65",TRUE,FALSE
"MT-COX2",TRUE,FALSE
"CD44",TRUE,FALSE
"DLL4",TRUE,TRUE
"CLASP1",TRUE,FALSE
"CCR2",TRUE,FALSE
"RIC8B",TRUE,FALSE
"SAMTOR",TRUE,FALSE
"IPMK",TRUE,FALSE
"LMAN1",TRUE,TRUE
"KLRG1",TRUE,FALSE
"KLHL32",TRUE,TRUE
"CD68",TRUE,TRUE
"SLC30A5",TRUE,FALSE
"ZNF81",TRUE,FALSE
"MAP7",TRUE,TRUE
"RPRD2",TRUE,FALSE
"NRIP1",TRUE,FALSE
"ODF2L",TRUE,TRUE
"TNFSF13B",TRUE,TRUE
"RASGRP3",TRUE,TRUE
"GRK3",TRUE,FALSE
"ENSSSCG00000016263",TRUE,FALSE
"MAP3K20",TRUE,TRUE
"PTGER4",TRUE,FALSE
"HRH1",TRUE,TRUE
"FOXA1",TRUE,TRUE
"PHTF1",TRUE,FALSE
"RAB27A",TRUE,FALSE
"GAS7",TRUE,TRUE
"VSIG4",TRUE,TRUE
"ARID4A",TRUE,FALSE
"CSNK1G1",TRUE,FALSE
"SNRK",TRUE,FALSE
"TTC17",TRUE,FALSE
"RABGAP1",TRUE,FALSE
"ADD3",TRUE,FALSE
"PARP11",TRUE,FALSE
"DENND1A",TRUE,FALSE
"PAPOLG",TRUE,FALSE
"TRIO",TRUE,FALSE
"APLF",TRUE,FALSE
"EPS8",TRUE,TRUE
"JAG1",TRUE,TRUE
"GABARAPL1",TRUE,TRUE
"SEPTIN11",TRUE,FALSE
"ATP10D",TRUE,FALSE
"EPB41L5",TRUE,TRUE
"BMAL1",TRUE,FALSE
"CD1D",TRUE,FALSE
"TNKS",TRUE,FALSE
"TNFAIP8",TRUE,FALSE
"YAP1",TRUE,TRUE
"MLH3",TRUE,FALSE
"CARD11",TRUE,FALSE
"RSRC1",TRUE,FALSE
"PRKCQ",TRUE,FALSE
"SEMA4A",TRUE,FALSE
"SH2D2A",TRUE,FALSE
"UBR2",TRUE,FALSE
"TMEM164",TRUE,FALSE
"RPS6KC1",TRUE,FALSE
"HVCN1",TRUE,TRUE
"ANKHD1",TRUE,FALSE
"EHD1",TRUE,FALSE
"FRMD6",TRUE,TRUE
"ENSSSCG00000015814",TRUE,FALSE
"ADAM10",TRUE,FALSE
"RPL23",TRUE,FALSE
"ATAD2",TRUE,FALSE
"SH3RF1",TRUE,FALSE
"GAB1",TRUE,TRUE
"STK17A",TRUE,FALSE
"TET1",TRUE,TRUE
"FGD5",TRUE,TRUE
"NCOA3",TRUE,FALSE
"ITGA8",TRUE,TRUE
"ZBTB10",TRUE,FALSE
"MTMR12",TRUE,FALSE
"ENSSSCG00000028004",TRUE,TRUE
"ROCK2",TRUE,FALSE
"PARVA",TRUE,TRUE
"ITM2B",TRUE,FALSE
"KIF1B",TRUE,FALSE
"HOMER1",TRUE,TRUE
"PKN2",TRUE,FALSE
"DDX60",TRUE,FALSE
"UBB",TRUE,FALSE
"SLF1",TRUE,FALSE
"CYP2B6B",TRUE,TRUE
"ST6GAL1",TRUE,FALSE
"PDIA6",TRUE,TRUE
"FBXO34",TRUE,FALSE
"GCH1",TRUE,FALSE
"IL13RA1",TRUE,TRUE
"PLEKHA1",TRUE,FALSE
"HSP90AA1",TRUE,FALSE
"JAK1",TRUE,FALSE
"PDK1",TRUE,FALSE
"ENSSSCG00000046151",TRUE,FALSE
"ZNF503",TRUE,TRUE
"MARVELD2",TRUE,TRUE
"ZNF618",TRUE,FALSE
"ENSSSCG00000005457",TRUE,TRUE
"ENKUR",TRUE,TRUE
"AIF1",TRUE,TRUE
"METTL25",TRUE,FALSE
"DOCK2",TRUE,FALSE
"EFNA1",TRUE,TRUE
"CCDC88C",TRUE,FALSE
"CCSER2",TRUE,FALSE
"ZNF367",TRUE,TRUE
"CYTH4",TRUE,FALSE
"MGLL",TRUE,TRUE
"ZDHHC20",TRUE,FALSE
"TES",TRUE,FALSE
"CEP162",TRUE,FALSE
"VAT1",TRUE,TRUE
"RFFL",TRUE,FALSE
"ENSSSCG00000003090",TRUE,TRUE
"ERN1",TRUE,FALSE
"GBF1",TRUE,FALSE
"ENSSSCG00000014242",TRUE,TRUE
"GCFC2",TRUE,FALSE
"ICAM3",TRUE,FALSE
"ZHX3",TRUE,FALSE
"WFDC1",TRUE,TRUE
"RPLP1",TRUE,FALSE
"EEIG2",TRUE,TRUE
"SCN3B",TRUE,TRUE
"DAB2IP",TRUE,TRUE
"H3-5",TRUE,FALSE
"CDK19",TRUE,FALSE
"ROPN1L",TRUE,TRUE
"ENSSSCG00000056241",TRUE,FALSE
"RCN1",TRUE,TRUE
"DIP2C",TRUE,FALSE
"DCBLD2",TRUE,TRUE
"PPARD",TRUE,FALSE
"SMPDL3B",TRUE,TRUE
"TSPAN6",TRUE,TRUE
"UHRF2",TRUE,FALSE
"ITGA6",TRUE,TRUE
"ARHGAP31",TRUE,FALSE
"RFTN1",TRUE,FALSE
"TRAF3",TRUE,FALSE
"TSPAN13",TRUE,TRUE
"JARID2",TRUE,FALSE
"KIAA0319L",TRUE,FALSE
"ITGB1",TRUE,FALSE
"ANKS1A",TRUE,FALSE
"INTS6L",TRUE,FALSE
"YAF2",TRUE,FALSE
"SIPA1L3",TRUE,FALSE
"ENSSSCG00000009926",TRUE,FALSE
"RCSD1",TRUE,FALSE
"JCAD",TRUE,TRUE
"CYTH3",TRUE,FALSE
"SERGEF",TRUE,FALSE
"CUBN",TRUE,FALSE
"ENSSSCG00000005255",TRUE,FALSE
"PEX14",TRUE,FALSE
"ENSSSCG00000039706",TRUE,FALSE
"EPSTI1",TRUE,FALSE
"UBR1",TRUE,FALSE
"ARHGAP18",TRUE,TRUE
"RPL5",TRUE,FALSE
"LDLR",TRUE,FALSE
"CREBRF",TRUE,FALSE
"ENSSSCG00000028572",TRUE,FALSE
"RASA3",TRUE,FALSE
"TNS3",TRUE,TRUE
"STON2",TRUE,TRUE
"BICRA",TRUE,FALSE
"EVA1C",TRUE,TRUE
"ARHGAP22",TRUE,TRUE
"ENSSSCG00000037487",TRUE,TRUE
"ENSSSCG00000015405",TRUE,TRUE
"MIS18BP1",TRUE,FALSE
"ENSSSCG00000054189",TRUE,TRUE
"GALNT3",TRUE,FALSE
"H2BC5",TRUE,FALSE
"CXCR5",TRUE,FALSE
"ENSSSCG00000040752",TRUE,FALSE
"RIC1",TRUE,FALSE
"SPRED2",TRUE,FALSE
"NOTCH4",TRUE,TRUE
"ITPRID2",TRUE,TRUE
"FAT4",TRUE,FALSE
"TTC39C",TRUE,FALSE
"CBX4",TRUE,FALSE
"CCDC141",TRUE,TRUE
"ENSSSCG00000048702",TRUE,FALSE
"TENT5A",TRUE,TRUE
"ENSSSCG00000038506",TRUE,FALSE
"SYNE3",TRUE,FALSE
"ARAP3",TRUE,FALSE
"MICU1",TRUE,FALSE
"GPD2",TRUE,TRUE
"NDEL1",TRUE,FALSE
"DEPTOR",TRUE,TRUE
"PTGDR",TRUE,FALSE
"SQLE",TRUE,TRUE
"ZNRF3",TRUE,FALSE
"CDKL1",TRUE,TRUE
"IFI44",TRUE,FALSE
"SEC22A",TRUE,FALSE
"PHACTR4",TRUE,FALSE
"TANGO6",TRUE,FALSE
"CCDC39",TRUE,TRUE
"SUSD6",TRUE,FALSE
"SEMA4D",TRUE,FALSE
"CADPS2",TRUE,FALSE
"PAWR",TRUE,FALSE
"ANKRD11",TRUE,FALSE
"CCDC6",TRUE,FALSE
"NIN",TRUE,FALSE
"RASGEF1B",TRUE,TRUE
"INTS6",TRUE,FALSE
"WNK1",TRUE,FALSE
"ENSSSCG00000023320",TRUE,TRUE
"SPPL3",TRUE,FALSE
"FBXO32",TRUE,FALSE
"MAN1A1",TRUE,FALSE
"ENSSSCG00000026140",TRUE,FALSE
"POLA1",TRUE,FALSE
"ARL4D",TRUE,TRUE
"SCNN1A",TRUE,TRUE
"BCAR3",TRUE,FALSE
"RLF",TRUE,FALSE
"GXYLT2",TRUE,TRUE
"ENSSSCG00000031088",TRUE,FALSE
"ALDH3A2",TRUE,FALSE
"PHKG2",TRUE,FALSE
"PAN3",TRUE,FALSE
"ARID1B",TRUE,FALSE
"REEP3",TRUE,FALSE
"RNPC3",TRUE,FALSE
"ENSSSCG00000004415",TRUE,TRUE
"KLF9",TRUE,FALSE
"CNGA1",TRUE,FALSE
"ENSSSCG00000058432",TRUE,FALSE
"IFRD1",TRUE,FALSE
"DAPL1",TRUE,FALSE
"SEPTIN6",TRUE,FALSE
"PLEKHA2",TRUE,FALSE
"OSBPL8",TRUE,FALSE
"NT5C3A",TRUE,FALSE
"SCARB2",TRUE,TRUE
"PTGFRN",TRUE,TRUE
"CKAP2",TRUE,TRUE
"PIBF1",TRUE,FALSE
"BAZ1A",TRUE,FALSE
"GPATCH8",TRUE,FALSE
"ANKRD12",TRUE,FALSE
"ENSSSCG00000030241",TRUE,FALSE
"SMCHD1",TRUE,FALSE
"PDCD4",TRUE,FALSE
"ABHD5",TRUE,FALSE
"FAM168A",TRUE,FALSE
"KCNAB2",TRUE,FALSE
"ATRNL1",TRUE,TRUE
"RGMB",TRUE,TRUE
"SLC35D2",TRUE,TRUE
"LAMP1",TRUE,TRUE
"EPB41L2",TRUE,TRUE
"ACER3",TRUE,FALSE
"AVEN",TRUE,FALSE
"DUSP16",TRUE,FALSE
"ABHD18",TRUE,FALSE
"MYL9",TRUE,TRUE
"ANKRD17",TRUE,FALSE
"SHLD1",TRUE,FALSE
"MAN1A2",TRUE,FALSE
"ENSSSCG00000049122",TRUE,FALSE
"RBFOX2",TRUE,FALSE
"TMEM150C",TRUE,TRUE
"DUOX2",TRUE,TRUE
"PTPN3",TRUE,TRUE
"DEUP1",TRUE,TRUE
"GNS",TRUE,TRUE
"TMX4",TRUE,FALSE
"TC2N",TRUE,TRUE
"RESF1",TRUE,FALSE
"ARHGAP23",TRUE,FALSE
"LONP2",TRUE,TRUE
"KLF7",TRUE,FALSE
"ASAP2",TRUE,FALSE
"WWC2",TRUE,TRUE
"CERT1",TRUE,FALSE
"DMXL1",TRUE,FALSE
"MERTK",TRUE,TRUE
"DNAJB4",TRUE,FALSE
"FOXO3",TRUE,FALSE
"NOSTRIN",TRUE,TRUE
"EPHB6",TRUE,FALSE
"NCF2",TRUE,TRUE
"ARHGEF18",TRUE,FALSE
"RSF1",TRUE,FALSE
"ATRX",TRUE,FALSE
"NAA35",TRUE,FALSE
"CD27",TRUE,FALSE
"GEMIN5",TRUE,FALSE
"FAM117A",TRUE,FALSE
"PLEKHF2",TRUE,FALSE
"PCCA",TRUE,FALSE
"TP53INP1",TRUE,FALSE
"SH3KBP1",TRUE,FALSE
"HLA-DOB",TRUE,FALSE
"OTUD7B",TRUE,FALSE
"ENSSSCG00000043719",TRUE,FALSE
"LIN7A",TRUE,TRUE
"MIPOL1",TRUE,FALSE
"MTMR3",TRUE,FALSE
"BIN2",TRUE,FALSE
"CXCR3",TRUE,FALSE
"LRP12",TRUE,FALSE
"PLCG1",TRUE,FALSE
"YPEL2",TRUE,FALSE
"TGFBR2",TRUE,FALSE
"PHIP",TRUE,FALSE
"RGS10",TRUE,TRUE
"CTIF",TRUE,FALSE
"SLC49A4",TRUE,FALSE
"MOV10",TRUE,FALSE
"ARMC2",TRUE,TRUE
"ATP2B1",TRUE,FALSE
"ENSSSCG00000017038",TRUE,FALSE
"RECK",TRUE,TRUE
"CD244",TRUE,FALSE
"BCL6",TRUE,FALSE
"HSP90AB1",TRUE,FALSE
"SESTD1",TRUE,TRUE
"VPS13D",TRUE,FALSE
"GNA13",TRUE,FALSE
"FLI1",TRUE,FALSE
"MYO5A",TRUE,FALSE
"HERC1",TRUE,FALSE
"SNX24",TRUE,FALSE
"SUPT3H",TRUE,FALSE
"SAMD8",TRUE,FALSE
"SLC25A13",TRUE,FALSE
"NUAK2",TRUE,FALSE
"FBXO33",TRUE,FALSE
"DNAI3",TRUE,TRUE
"SWT1",TRUE,FALSE
"TRAF5",TRUE,FALSE
"SLC39A10",TRUE,FALSE
"DCLRE1C",TRUE,FALSE
"ENSSSCG00000003042",TRUE,FALSE
"CLEC17A",TRUE,TRUE
"ENSSSCG00000046044",TRUE,FALSE
"DOCK11",TRUE,FALSE
"ENSSSCG00000047083",TRUE,FALSE
"ZFC3H1",TRUE,FALSE
"CFAP58",TRUE,TRUE
"KIF23",TRUE,TRUE
"FOXO1",TRUE,FALSE
"SERINC5",TRUE,FALSE
"SEC11C",TRUE,TRUE
"TRIP11",TRUE,FALSE
"ENSSSCG00000053584",TRUE,FALSE
"TIPARP",TRUE,FALSE
"NUB1",TRUE,FALSE
"ENSSSCG00000057763",TRUE,FALSE
"GTPBP2",TRUE,FALSE
"QSER1",TRUE,FALSE
"MOSMO",TRUE,FALSE
"LAT",TRUE,FALSE
"MFSD6",TRUE,FALSE
"TMEM131L",TRUE,FALSE
"TNFSF14",TRUE,FALSE
"TAF3",TRUE,FALSE
"HMGCS1",TRUE,TRUE
"NKTR",TRUE,FALSE
"NEDD4",TRUE,FALSE
"ZBTB38",TRUE,FALSE
"CCDC150",TRUE,FALSE
"FOCAD",TRUE,FALSE
"CNOT4",TRUE,FALSE
"BCAT1",TRUE,FALSE
"BCKDHB",TRUE,FALSE
"SLC44A1",TRUE,TRUE
"YES1",TRUE,TRUE
"SLAMF6",TRUE,FALSE
"TTC14",TRUE,FALSE
"PNRC1",TRUE,FALSE
"RABEP1",TRUE,FALSE
"MAP3K14",TRUE,FALSE
"ACSS3",TRUE,TRUE
"LONRF3",TRUE,FALSE
"ATAD2B",TRUE,FALSE
"SLC15A2",TRUE,FALSE
"AMMECR1",TRUE,FALSE
"ATAD5",TRUE,TRUE
"CEP78",TRUE,FALSE
"CELSR1",TRUE,TRUE
"DNMBP",TRUE,FALSE
"XPR1",TRUE,FALSE
"DYM",TRUE,FALSE
"SLC39A11",TRUE,FALSE
"RAB8B",TRUE,FALSE
"ATP11B",TRUE,FALSE
"KMT2E",TRUE,FALSE
"BIRC5",TRUE,TRUE
"EPC1",TRUE,FALSE
"ASCC3",TRUE,FALSE
"ABL2",TRUE,TRUE
"CAMKK2",TRUE,FALSE
"WHAMM",TRUE,FALSE
"ST7",TRUE,FALSE
"TAOK1",TRUE,FALSE
"MCPH1",TRUE,FALSE
"ENSSSCG00000011106",TRUE,FALSE
"EHD4",TRUE,FALSE
"GALNT10",TRUE,FALSE
"ENSSSCG00000022345",TRUE,TRUE
"H2AZ1",TRUE,TRUE
"SLC1A4",TRUE,FALSE
"SERPINI1",TRUE,FALSE
"ZC3H12D",TRUE,FALSE
"CIITA",TRUE,FALSE
"PALS2",TRUE,FALSE
"ZNF831",TRUE,FALSE
"BEND5",TRUE,FALSE
"MAP2K6",TRUE,FALSE
"NUP153",TRUE,FALSE
"CBFA2T2",TRUE,FALSE
"BTRC",TRUE,FALSE
"TBK1",TRUE,FALSE
"FAM53B",TRUE,FALSE
"PTPN12",TRUE,FALSE
"TET3",TRUE,FALSE
"BDP1",TRUE,FALSE
"PARD6B",TRUE,TRUE
"ENSSSCG00000030140",TRUE,FALSE
"OGT",TRUE,FALSE
"TAF4B",TRUE,FALSE
"MAPK8",TRUE,FALSE
"ENSSSCG00000008137",TRUE,TRUE
"QKI",TRUE,FALSE
"GOLIM4",TRUE,FALSE
"SLC30A7",TRUE,FALSE
"ZDHHC17",TRUE,FALSE
"CHST7",TRUE,FALSE
"RNGTT",TRUE,FALSE
"LY9",TRUE,FALSE
"KIF3B",TRUE,FALSE
"RPLP0",TRUE,FALSE
"CCND2",TRUE,FALSE
"ARHGAP21",TRUE,FALSE
"BBX",TRUE,FALSE
"BPTF",TRUE,FALSE
"SPI1",TRUE,TRUE
"ZNF395",TRUE,FALSE
"DNASE2",TRUE,TRUE
"CENPA",TRUE,TRUE
"SIPA1L1",TRUE,FALSE
"BTBD1",TRUE,FALSE
"MBNL1",TRUE,FALSE
"CCDC186",TRUE,FALSE
"RNF217",TRUE,FALSE
"PRDM11",TRUE,FALSE
"PIK3C2B",TRUE,FALSE
"INPP5B",TRUE,FALSE
"RPAP2",TRUE,FALSE
"VMP1",TRUE,FALSE
"TFDP2",TRUE,FALSE
"UBAC2",TRUE,FALSE
"PIM2",TRUE,FALSE
"MMD",TRUE,FALSE
"ENSSSCG00000007355",TRUE,FALSE
"ASXL2",TRUE,FALSE
"TDRD3",TRUE,FALSE
"P2RY10",TRUE,FALSE
"PRR14L",TRUE,FALSE
"PSEN1",TRUE,FALSE
"NBN",TRUE,FALSE
"ERCC6L2",TRUE,FALSE
"KLHL20",TRUE,FALSE
"PLEKHO1",TRUE,FALSE
"AP3B1",TRUE,FALSE
"SHLD2",TRUE,FALSE
"ATP11A",TRUE,TRUE
"WWP1",TRUE,FALSE
"ENSSSCG00000036083",TRUE,FALSE
"APC",TRUE,FALSE
"ENSSSCG00000031897",TRUE,FALSE
"TBC1D1",TRUE,FALSE
"CC2D2A",TRUE,TRUE
"CYB561A3",TRUE,FALSE
"CNOT2",TRUE,FALSE
"PPIP5K2",TRUE,FALSE
"RAB3IP",TRUE,FALSE
"MON2",TRUE,FALSE
"CISH",TRUE,FALSE
"CWC27",TRUE,FALSE
"PRKAG2",TRUE,FALSE
"DYRK2",TRUE,FALSE
"MAPRE2",TRUE,FALSE
"B2M",TRUE,FALSE
"CFAP91",TRUE,TRUE
"CEP83",TRUE,FALSE
"HMMR",TRUE,TRUE
"XRN1",TRUE,FALSE
"PIAS1",TRUE,FALSE
"USP25",TRUE,FALSE
"HS2ST1",TRUE,FALSE
"BHLHE41",TRUE,TRUE
"RPS3A",TRUE,FALSE
"PCGF3",TRUE,FALSE
"CYTH1",TRUE,FALSE
"FBXW4",TRUE,FALSE
"ENSSSCG00000020870",TRUE,FALSE
"RPL38",TRUE,FALSE
"ENSSSCG00000061277",TRUE,TRUE
"DDHD1",TRUE,FALSE
"NSD3",TRUE,FALSE
"KIF13B",TRUE,FALSE
"DOP1A",TRUE,FALSE
"TMEM87B",TRUE,FALSE
"CCDC191",TRUE,FALSE
"PHLPP1",TRUE,FALSE
"ANKIB1",TRUE,FALSE
"KIF3A",TRUE,FALSE
"UBE2D1",TRUE,FALSE
"TCAIM",TRUE,FALSE
"PRKD3",TRUE,FALSE
"HLCS",TRUE,FALSE
"GATAD2B",TRUE,FALSE
"ESCO1",TRUE,FALSE
"ZBTB11",TRUE,FALSE
"PHF14",TRUE,FALSE
"RASIP1",TRUE,TRUE
"TUBB2B",TRUE,TRUE
"KMT2C",TRUE,FALSE
"ENSSSCG00000045263",TRUE,FALSE
"CCDC66",TRUE,FALSE
"MT-ND3",TRUE,FALSE
"MAP3K1",TRUE,FALSE
"RNASEH2B",TRUE,FALSE
"TMEM98",TRUE,TRUE
"MAP4K3",TRUE,FALSE
"FAM222A",TRUE,FALSE
"DNAJC1",TRUE,FALSE
"ZBTB44",TRUE,FALSE
"HK2",TRUE,TRUE
"CHD9",TRUE,FALSE
"CFAP298",TRUE,TRUE
"CDR2",TRUE,FALSE
"STX5",TRUE,FALSE
"MAP3K13",TRUE,FALSE
"GLCE",TRUE,FALSE
"CAPSL",TRUE,TRUE
"NSD1",TRUE,FALSE
"PSPC1",TRUE,FALSE
"AFF1",TRUE,FALSE
"RAB12",TRUE,FALSE
"MAP3K3",TRUE,FALSE
"ENSSSCG00000027348",TRUE,FALSE
"ENSSSCG00000050604",FALSE,TRUE
"ENSSSCG00000037718",FALSE,TRUE
"ENSSSCG00000028871",FALSE,TRUE
"CCNB1",FALSE,TRUE
"ENSSSCG00000034286",FALSE,TRUE
"RFC3",FALSE,TRUE
"GNG13",FALSE,TRUE
"SHCBP1",FALSE,TRUE
"CD200R1",FALSE,TRUE
"HMX3",FALSE,TRUE
"PLSCR1",FALSE,TRUE
"C16orf89",FALSE,TRUE
"ENSSSCG00000007435",FALSE,TRUE
"SERPINB5",FALSE,TRUE
"NDC80",FALSE,TRUE
"CTSA",FALSE,TRUE
"HTR1B",FALSE,TRUE
"NR1H3",FALSE,TRUE
"ASAH1",FALSE,TRUE
"GLB1L2",FALSE,TRUE
"PKIB",FALSE,TRUE
"CCNB2",FALSE,TRUE
"GJB1",FALSE,TRUE
"CAT",FALSE,TRUE
"SIGLEC1",FALSE,TRUE
"FOXA2",FALSE,TRUE
"SGO1",FALSE,TRUE
"BUB1",FALSE,TRUE
"DSP",FALSE,TRUE
"ENSSSCG00000007847",FALSE,TRUE
"PAX9",FALSE,TRUE
"NKX2-1",FALSE,TRUE
"EFCAB10",FALSE,TRUE
"IL17RB",FALSE,TRUE
"SLC9A2",FALSE,TRUE
"ENSSSCG00000058776",FALSE,TRUE
"ENSSSCG00000062486",FALSE,TRUE
"KRT17",FALSE,TRUE
"DES",FALSE,TRUE
"ATP13A5",FALSE,TRUE
"ENSSSCG00000053956",FALSE,TRUE
"SELENBP1",FALSE,TRUE
"CIDEC",FALSE,TRUE
"ENSSSCG00000036743",FALSE,TRUE
"PGF",FALSE,TRUE
"MCM4",FALSE,TRUE
"CLEC7A",FALSE,TRUE
"TNFRSF11B",FALSE,TRUE
"SORD",FALSE,TRUE
"ENSSSCG00000031150",FALSE,TRUE
"SPINT1",FALSE,TRUE
"ENSSSCG00000033189",FALSE,TRUE
"NOS3",FALSE,TRUE
"RASSF4",FALSE,TRUE
"CFAP61",FALSE,TRUE
"SLC25A33",FALSE,TRUE
"CFAP52",FALSE,TRUE
"ENSSSCG00000040973",FALSE,TRUE
"PODN",FALSE,TRUE
"ECI2",FALSE,TRUE
"A4GALT",FALSE,TRUE
"TSPAN33",FALSE,TRUE
"EFCAB12",FALSE,TRUE
"CIMAP1B",FALSE,TRUE
"ENSSSCG00000013380",FALSE,TRUE
"IQUB",FALSE,TRUE
"PLS1",FALSE,TRUE
"LY75",FALSE,TRUE
"GNB5",FALSE,TRUE
"MUC13",FALSE,TRUE
"SMIM5",FALSE,TRUE
"CYSLTR2",FALSE,TRUE
"CFP",FALSE,TRUE
"MRAS",FALSE,TRUE
"PLA2G15",FALSE,TRUE
"DRAM1",FALSE,TRUE
"CD207",FALSE,TRUE
"ENSSSCG00000052552",FALSE,TRUE
"ADAMTS16",FALSE,TRUE
"ENSSSCG00000059206",FALSE,TRUE
"COL17A1",FALSE,TRUE
"ENSSSCG00000052834",FALSE,TRUE
"SLC6A14",FALSE,TRUE
"KRTDAP",FALSE,TRUE
"COL6A5",FALSE,TRUE
"ENSSSCG00000037074",FALSE,TRUE
"C6",FALSE,TRUE
"ENSSSCG00000034426",FALSE,TRUE
"ENSSSCG00000011875",FALSE,TRUE
"MS4A8",FALSE,TRUE
"SFRP2",FALSE,TRUE
"FLRT3",FALSE,TRUE
"ATP6V1C2",FALSE,TRUE
"ZBED2",FALSE,TRUE
"CD1B",FALSE,TRUE
"FBP1",FALSE,TRUE
"IL22RA2",FALSE,TRUE
"ENSSSCG00000043455",FALSE,TRUE
"ENSSSCG00000005398",FALSE,TRUE
"CPZ",FALSE,TRUE
"SERTM1",FALSE,TRUE
"ALPL",FALSE,TRUE
"CIBAR2",FALSE,TRUE
"RHOV",FALSE,TRUE
"CA2",FALSE,TRUE
"MFSD12",FALSE,TRUE
"TTC29",FALSE,TRUE
"PRRX1",FALSE,TRUE
"SHAS2",FALSE,TRUE
"CIMIP2B",FALSE,TRUE
"ETV4",FALSE,TRUE
"CKB",FALSE,TRUE
"ARHGEF38",FALSE,TRUE
"SCEL",FALSE,TRUE
"NUF2",FALSE,TRUE
"NHS",FALSE,TRUE
"CFAP97D2",FALSE,TRUE
"CLEC12B",FALSE,TRUE
"NME9",FALSE,TRUE
"HMCN2",FALSE,TRUE
"GUCY1B1",FALSE,TRUE
"CTSZ",FALSE,TRUE
"ENSSSCG00000042522",FALSE,TRUE
"FAM81B",FALSE,TRUE
"ENSSSCG00000046603",FALSE,TRUE
"HOXD8",FALSE,TRUE
"KIF15",FALSE,TRUE
"UHRF1",FALSE,TRUE
"FZD5",FALSE,TRUE
"C2",FALSE,TRUE
"MMP14",FALSE,TRUE
"DSG2",FALSE,TRUE
"ENPP3",FALSE,TRUE
"TYMS",FALSE,TRUE
"SLC2A9",FALSE,TRUE
"C11orf97",FALSE,TRUE
"CMKLR1",FALSE,TRUE
"ENSSSCG00000060506",FALSE,TRUE
"ABCA6",FALSE,TRUE
"CYBA",FALSE,TRUE
"PRDX1",FALSE,TRUE
"EXPH5",FALSE,TRUE
"KRT5",FALSE,TRUE
"ENSSSCG00000041978",FALSE,TRUE
"ENSSSCG00000034087",FALSE,TRUE
"VSIG2",FALSE,TRUE
"TF",FALSE,TRUE
"ALDH1A2",FALSE,TRUE
"ENSSSCG00000038204",FALSE,TRUE
"LIPG",FALSE,TRUE
"GPLD1",FALSE,TRUE
"CHIA",FALSE,TRUE
"FBN3",FALSE,TRUE
"ENSSSCG00000037422",FALSE,TRUE
"TIMD4",FALSE,TRUE
"ELAPOR2",FALSE,TRUE
"GDF10",FALSE,TRUE
"CYP3A29",FALSE,TRUE
"DIRAS3",FALSE,TRUE
"ART4",FALSE,TRUE
"ENSSSCG00000055794",FALSE,TRUE
"EPGN",FALSE,TRUE
"NEK5",FALSE,TRUE
"DYNLT4",FALSE,TRUE
"NYX",FALSE,TRUE
"IGF1",FALSE,TRUE
"TFCP2L1",FALSE,TRUE
"TRPC4",FALSE,TRUE
"FAP",FALSE,TRUE
"RGS22",FALSE,TRUE
"TIFAB",FALSE,TRUE
"DLK2",FALSE,TRUE
"ENSSSCG00000054686",FALSE,TRUE
"TMEM212",FALSE,TRUE
"PDCL2",FALSE,TRUE
"CDCA8",FALSE,TRUE
"ENSSSCG00000003048",FALSE,TRUE
"SLC6A2",FALSE,TRUE
"ENSSSCG00000047986",FALSE,TRUE
"ENSSSCG00000014235",FALSE,TRUE
"ASS1",FALSE,TRUE
"ENSSSCG00000051094",FALSE,TRUE
"NSUN7",FALSE,TRUE
"HEXB",FALSE,TRUE
"MREG",FALSE,TRUE
"CDC20",FALSE,TRUE
"ST8SIA2",FALSE,TRUE
"TSPAN2",FALSE,TRUE
"SCIMP",FALSE,TRUE
"SMOC2",FALSE,TRUE
"HRH4",FALSE,TRUE
"OLFM2",FALSE,TRUE
"S100A11",FALSE,TRUE
"LRRC18",FALSE,TRUE
"LRRC46",FALSE,TRUE
"CD300C",FALSE,TRUE
"JHY",FALSE,TRUE
"ITGB2",FALSE,TRUE
"BUB1B",FALSE,TRUE
"MAP9",FALSE,TRUE
"TBC1D20",FALSE,TRUE
"ENSSSCG00000058598",FALSE,TRUE
"PDE2A",FALSE,TRUE
"SOBP",FALSE,TRUE
"PLEKHB2",FALSE,TRUE
"CCDC160",FALSE,TRUE
"KIFC1",FALSE,TRUE
"GGH",FALSE,TRUE
"AIFM2",FALSE,TRUE
"FGFR1",FALSE,TRUE
"UQCRB",FALSE,TRUE
"GABRP",FALSE,TRUE
"ENSSSCG00000011851",FALSE,TRUE
"IL17A",FALSE,TRUE
"LRRC17",FALSE,TRUE
"ENSSSCG00000042458",FALSE,TRUE
"AQP9",FALSE,TRUE
"ENSSSCG00000035960",FALSE,TRUE
"HBB",FALSE,TRUE
"ENSSSCG00000042601",FALSE,TRUE
"KNG1",FALSE,TRUE
"DEPDC1B",FALSE,TRUE
"ENSSSCG00000003954",FALSE,TRUE
"PRR15",FALSE,TRUE
"ITIH3",FALSE,TRUE
"TRIB3",FALSE,TRUE
"ALAS2",FALSE,TRUE
"ITGA7",FALSE,TRUE
"XDH",FALSE,TRUE
"CA12",FALSE,TRUE
"MRC2",FALSE,TRUE
"SLC46A2",FALSE,TRUE
"ENSSSCG00000042913",FALSE,TRUE
"FAM163A",FALSE,TRUE
"BDNF",FALSE,TRUE
"OASL",FALSE,TRUE
"TFIP11",FALSE,TRUE
"S100A14",FALSE,TRUE
"FMOD",FALSE,TRUE
"SFRP4",FALSE,TRUE
"PDIA4",FALSE,TRUE
"PLOD2",FALSE,TRUE
"ZBTB32",FALSE,TRUE
"HEYL",FALSE,TRUE
"CPQ",FALSE,TRUE
"B3GALT2",FALSE,TRUE
"CRHBP",FALSE,TRUE
"CABCOCO1",FALSE,TRUE
"ENSSSCG00000015876",FALSE,TRUE
"GLUD1",FALSE,TRUE
"SDK1",FALSE,TRUE
"KCNK1",FALSE,TRUE
"SLC31A2",FALSE,TRUE
"PAH",FALSE,TRUE
"ALAS1",FALSE,TRUE
"ENSSSCG00000000194",FALSE,TRUE
"SIX1",FALSE,TRUE
"FAM184B",FALSE,TRUE
"GPC4",FALSE,TRUE
"ENSSSCG00000032946",FALSE,TRUE
"CYP2S1",FALSE,TRUE
"ENO4",FALSE,TRUE
"ENSSSCG00000035909",FALSE,TRUE
"CENPU",FALSE,TRUE
"CXADR",FALSE,TRUE
"ENSSSCG00000060797",FALSE,TRUE
"TMPRSS11E",FALSE,TRUE
"F10",FALSE,TRUE
"FGF10",FALSE,TRUE
"GPR15",FALSE,TRUE
"KCNE5",FALSE,TRUE
"SLC22A4",FALSE,TRUE
"ATP6V1G3",FALSE,TRUE
"TMEM92",FALSE,TRUE
"SLCO6A1",FALSE,TRUE
"ENSSSCG00000000638",FALSE,TRUE
"ITIH4",FALSE,TRUE
"ABAT",FALSE,TRUE
"SLC4A1",FALSE,TRUE
"ENSSSCG00000033739",FALSE,TRUE
"SNTG1",FALSE,TRUE
"APOBEC1",FALSE,TRUE
"CCDC3",FALSE,TRUE
"TNFSF13",FALSE,TRUE
"PRDM6",FALSE,TRUE
"FLACC1",FALSE,TRUE
"ST6GALNAC1",FALSE,TRUE
"CEBPA",FALSE,TRUE
"ENSSSCG00000056843",FALSE,TRUE
"ENSSSCG00000034592",FALSE,TRUE
"TNFSF15",FALSE,TRUE
"FRK",FALSE,TRUE
"KCTD16",FALSE,TRUE
"INCA1",FALSE,TRUE
"SFRP5",FALSE,TRUE
"POU2AF2",FALSE,TRUE
"DNAH8",FALSE,TRUE
"VIPR2",FALSE,TRUE
"PGM5",FALSE,TRUE
"THSD7A",FALSE,TRUE
"SOX18",FALSE,TRUE
"MYRIP",FALSE,TRUE
"WNT5A",FALSE,TRUE
"ENSSSCG00000003754",FALSE,TRUE
"SUCNR1",FALSE,TRUE
"CCDC180",FALSE,TRUE
"SVEP1",FALSE,TRUE
"KBTBD12",FALSE,TRUE
"STC2",FALSE,TRUE
"MET",FALSE,TRUE
"NPY1R",FALSE,TRUE
"PYGL",FALSE,TRUE
"SHISAL1",FALSE,TRUE
"EAF2",FALSE,TRUE
"EDNRA",FALSE,TRUE
"COL16A1",FALSE,TRUE
"DYDC2",FALSE,TRUE
"SCART1",FALSE,TRUE
"ENSSSCG00000037541",FALSE,TRUE
"GPR137B",FALSE,TRUE
"FCGRT",FALSE,TRUE
"ENSSSCG00000004096",FALSE,TRUE
"QPCT",FALSE,TRUE
"TMOD2",FALSE,TRUE
"KIF4A",FALSE,TRUE
"GUCY1A1",FALSE,TRUE
"TTLL7",FALSE,TRUE
"ENSSSCG00000003781",FALSE,TRUE
"FLVCR2",FALSE,TRUE
"PLCL1",FALSE,TRUE
"VEGFC",FALSE,TRUE
"FAM111B",FALSE,TRUE
"CLIC2",FALSE,TRUE
"ATP6V1A",FALSE,TRUE
"CHST4",FALSE,TRUE
"ARHGEF33",FALSE,TRUE
"THBS4",FALSE,TRUE
"PRSS35",FALSE,TRUE
"NRXN1",FALSE,TRUE
"LBP",FALSE,TRUE
"ENSSSCG00000055975",FALSE,TRUE
"HDC",FALSE,TRUE
"ANGPTL1",FALSE,TRUE
"ANO1",FALSE,TRUE
"FOSL1",FALSE,TRUE
"ENSSSCG00000060991",FALSE,TRUE
"FHL5",FALSE,TRUE
"ENSSSCG00000053903",FALSE,TRUE
"ENSSSCG00000053058",FALSE,TRUE
"GJC2",FALSE,TRUE
"GDF15",FALSE,TRUE
"NES",FALSE,TRUE
"FFAR4",FALSE,TRUE
"ENSSSCG00000053662",FALSE,TRUE
"ENDOD1",FALSE,TRUE
"PLXDC1",FALSE,TRUE
"PADI2",FALSE,TRUE
"APOBEC4",FALSE,TRUE
"DNAI1",FALSE,TRUE
"ENSSSCG00000051873",FALSE,TRUE
"PAPPA",FALSE,TRUE
"ADAMDEC1",FALSE,TRUE
"AARD",FALSE,TRUE
"CCND1",FALSE,TRUE
"ANGPTL2",FALSE,TRUE
"ENSSSCG00000026402",FALSE,TRUE
"TUBB6",FALSE,TRUE
"EPHA4",FALSE,TRUE
"ENSSSCG00000061159",FALSE,TRUE
"PROK2",FALSE,TRUE
"RSPH14",FALSE,TRUE
"ENSSSCG00000033805",FALSE,TRUE
"ZIC2",FALSE,TRUE
"NIBAN2",FALSE,TRUE
"LRRC9",FALSE,TRUE
"VGLL3",FALSE,TRUE
"SLC2A5",FALSE,TRUE
"ADAMTS3",FALSE,TRUE
"CCDC68",FALSE,TRUE
"SLAMF9",FALSE,TRUE
"ASPH",FALSE,TRUE
"DRC10",FALSE,TRUE
"LVRN",FALSE,TRUE
"RGS7BP",FALSE,TRUE
"DNAAF4",FALSE,TRUE
"MYH14",FALSE,TRUE
"IFT74",FALSE,TRUE
"TTK",FALSE,TRUE
"ENSSSCG00000015802",FALSE,TRUE
"FAM20A",FALSE,TRUE
"ENSSSCG00000051274",FALSE,TRUE
"ADAM28",FALSE,TRUE
"RANBP3L",FALSE,TRUE
"ENSSSCG00000024911",FALSE,TRUE
"SLIT1",FALSE,TRUE
"ENSSSCG00000026339",FALSE,TRUE
"TGM6",FALSE,TRUE
"ENSSSCG00000009046",FALSE,TRUE
"VAT1L",FALSE,TRUE
"ENSSSCG00000012101",FALSE,TRUE
"LIF",FALSE,TRUE
"FLNC",FALSE,TRUE
"ENSSSCG00000045743",FALSE,TRUE
"KCNE3",FALSE,TRUE
"SLCO4C1",FALSE,TRUE
"ENSSSCG00000043543",FALSE,TRUE
"IGSF10",FALSE,TRUE
"KCNB2",FALSE,TRUE
"PTHLH",FALSE,TRUE
"EPB42",FALSE,TRUE
"ENSSSCG00000032383",FALSE,TRUE
"TDRD1",FALSE,TRUE
"ADAMTS17",FALSE,TRUE
"RASL11B",FALSE,TRUE
"GPD1",FALSE,TRUE
"WNT6",FALSE,TRUE
"CYP2A19",FALSE,TRUE
"GJA4",FALSE,TRUE
"HSPB7",FALSE,TRUE
"MAP3K7CL",FALSE,TRUE
"GP2",FALSE,TRUE
"P4HA2",FALSE,TRUE
"TPBG",FALSE,TRUE
"ERBB3",FALSE,TRUE
"CYP26B1",FALSE,TRUE
"SLC7A10",FALSE,TRUE
"CITED1",FALSE,TRUE
"MYOCD",FALSE,TRUE
"ENSSSCG00000035525",FALSE,TRUE
"ENSSSCG00000062808",FALSE,TRUE
"TMC5",FALSE,TRUE
"CCN4",FALSE,TRUE
"FYB2",FALSE,TRUE
"ARFGEF3",FALSE,TRUE
"ENSSSCG00000035296",FALSE,TRUE
"ADAP2",FALSE,TRUE
"RFLNA",FALSE,TRUE
"ENSSSCG00000008929",FALSE,TRUE
"ENSSSCG00000004520",FALSE,TRUE
"TMOD1",FALSE,TRUE
"ST18",FALSE,TRUE
"DRC2",FALSE,TRUE
"ENSSSCG00000051171",FALSE,TRUE
"FRMPD2",FALSE,TRUE
"ARPP21",FALSE,TRUE
"ANPEP",FALSE,TRUE
"PPP1R14C",FALSE,TRUE
"IBSP",FALSE,TRUE
"B3GNT4",FALSE,TRUE
"RFTN2",FALSE,TRUE
"TTC9",FALSE,TRUE
"CCDC78",FALSE,TRUE
"ARHGAP28",FALSE,TRUE
"MMP16",FALSE,TRUE
"CSF1R",FALSE,TRUE
"PAPLN",FALSE,TRUE
"CFAP300",FALSE,TRUE
"ITGB3",FALSE,TRUE
"HILPDA",FALSE,TRUE
"LRRC34",FALSE,TRUE
"LRRN3",FALSE,TRUE
"CRABP2",FALSE,TRUE
"ENSSSCG00000054111",FALSE,TRUE
"ARPC5",FALSE,TRUE
"ANGPT4",FALSE,TRUE
"STUM",FALSE,TRUE
"MLPH",FALSE,TRUE
"FOXP3",FALSE,TRUE
"ENSSSCG00000062521",FALSE,TRUE
"PNOC",FALSE,TRUE
"KIRREL1",FALSE,TRUE
"ENSSSCG00000038991",FALSE,TRUE
"PIH1D2",FALSE,TRUE
"BHLHA15",FALSE,TRUE
"CYB561",FALSE,TRUE
"DDR1",FALSE,TRUE
"ENSSSCG00000055398",FALSE,TRUE
"CRYM",FALSE,TRUE
"APLNR",FALSE,TRUE
"HAPLN1",FALSE,TRUE
"ALOX15",FALSE,TRUE
"CPXM2",FALSE,TRUE
"CD248",FALSE,TRUE
"GPRC5B",FALSE,TRUE
"RIMS2",FALSE,TRUE
"PDE1A",FALSE,TRUE
"ENSSSCG00000057957",FALSE,TRUE
"ENSSSCG00000006455",FALSE,TRUE
"HAS1",FALSE,TRUE
"SEZ6L",FALSE,TRUE
"NKAIN3",FALSE,TRUE
"CLCA2",FALSE,TRUE
"AGPAT1",FALSE,TRUE
"FGFR2",FALSE,TRUE
"AXL",FALSE,TRUE
"ENSSSCG00000059930",FALSE,TRUE
"FAM180A",FALSE,TRUE
"BDKRB2",FALSE,TRUE
"TMEM236",FALSE,TRUE
"EFHD1",FALSE,TRUE
"EPHA2",FALSE,TRUE
"HMX2",FALSE,TRUE
"CMKLR2",FALSE,TRUE
"HOXA9",FALSE,TRUE
"CTTNBP2",FALSE,TRUE
"POPDC1",FALSE,TRUE
"ARX",FALSE,TRUE
"KCTD19",FALSE,TRUE
"GPR34",FALSE,TRUE
"ENSSSCG00000058658",FALSE,TRUE
"CRELD2",FALSE,TRUE
"TTC23L",FALSE,TRUE
"CD82",FALSE,TRUE
"MCM6",FALSE,TRUE
"OLFM1",FALSE,TRUE
"RERG",FALSE,TRUE
"IL23R",FALSE,TRUE
"TMEM231",FALSE,TRUE
"PIEZO2",FALSE,TRUE
"ZBBX",FALSE,TRUE
"ADCYAP1R1",FALSE,TRUE
"FRMD3",FALSE,TRUE
"PPL",FALSE,TRUE
"MAP1A",FALSE,TRUE
"MID1",FALSE,TRUE
"PDLIM1",FALSE,TRUE
"DRC12",FALSE,TRUE
"SLC35G1",FALSE,TRUE
"ENSSSCG00000050979",FALSE,TRUE
"ENSSSCG00000060863",FALSE,TRUE
"ENSSSCG00000022057",FALSE,TRUE
"GALNT15",FALSE,TRUE
"IL23A",FALSE,TRUE
"PCP4",FALSE,TRUE
"AOC1",FALSE,TRUE
"RHAG",FALSE,TRUE
"C2orf72",FALSE,TRUE
"LDLRAD1",FALSE,TRUE
"ENSSSCG00000001979",FALSE,TRUE
"NQO1",FALSE,TRUE
"ENSSSCG00000045063",FALSE,TRUE
"STEAP2",FALSE,TRUE
"LIM2",FALSE,TRUE
"ENSSSCG00000023127",FALSE,TRUE
"DLGAP1",FALSE,TRUE
"TASL",FALSE,TRUE
"PCNA",FALSE,TRUE
"NPTX1",FALSE,TRUE
"SLC6A12",FALSE,TRUE
"ADRA1A",FALSE,TRUE
"SOX7",FALSE,TRUE
"BBOX1",FALSE,TRUE
"ENSSSCG00000043953",FALSE,TRUE
"ENSSSCG00000014368",FALSE,TRUE
"CRYBA4",FALSE,TRUE
"BMPR1B",FALSE,TRUE
"ENSSSCG00000042524",FALSE,TRUE
"ENSSSCG00000045267",FALSE,TRUE
"CFAP141",FALSE,TRUE
"OSBP2",FALSE,TRUE
"CHRM2",FALSE,TRUE
"FXYD3",FALSE,TRUE
"ENSSSCG00000041827",FALSE,TRUE
"CHAT",FALSE,TRUE
"UPK3B",FALSE,TRUE
"DAAM2",FALSE,TRUE
"HUNK",FALSE,TRUE
"GRIA3",FALSE,TRUE
"ROS1",FALSE,TRUE
"KLHL14",FALSE,TRUE
"GRID2",FALSE,TRUE
"EPS8L3",FALSE,TRUE
"PTK7",FALSE,TRUE
"PSAT1",FALSE,TRUE
"GCSAML",FALSE,TRUE
"DTX1",FALSE,TRUE
"APLN",FALSE,TRUE
"CLVS1",FALSE,TRUE
"BAIAP2L1",FALSE,TRUE
"CLEC5A",FALSE,TRUE
"SERPINB10",FALSE,TRUE
"FAM174B",FALSE,TRUE
"ANXA7",FALSE,TRUE
"SGPP2",FALSE,TRUE
"CFAP90",FALSE,TRUE
"S1PR3",FALSE,TRUE
"HNF4A",FALSE,TRUE
"SPATA18",FALSE,TRUE
"ENSSSCG00000046114",FALSE,TRUE
"STAB1",FALSE,TRUE
"RHOBTB3",FALSE,TRUE
"HEY1",FALSE,TRUE
"KLHL4",FALSE,TRUE
"ENSSSCG00000046155",FALSE,TRUE
"RHCE",FALSE,TRUE
"ENSSSCG00000052117",FALSE,TRUE
"VIL1",FALSE,TRUE
"CFAP77",FALSE,TRUE
"GAA",FALSE,TRUE
"PCP4L1",FALSE,TRUE
"MRPS6",FALSE,TRUE
"PCSK6",FALSE,TRUE
"ENSSSCG00000024000",FALSE,TRUE
"SCUBE1",FALSE,TRUE
"MEOX2",FALSE,TRUE
"ISG12(A)",FALSE,TRUE
"HTR2B",FALSE,TRUE
"ADCY2",FALSE,TRUE
"RAB6B",FALSE,TRUE
"FCAR",FALSE,TRUE
"NPM3",FALSE,TRUE
"CNKSR2",FALSE,TRUE
"GATA6",FALSE,TRUE
"CCNA2",FALSE,TRUE
"ENSSSCG00000017643",FALSE,TRUE
"ADAMTS19",FALSE,TRUE
"UCP2",FALSE,TRUE
"TNFRSF21",FALSE,TRUE
"CDH16",FALSE,TRUE
"ENSSSCG00000009979",FALSE,TRUE
"SPATA6",FALSE,TRUE
"PBK",FALSE,TRUE
"LAMB3",FALSE,TRUE
"KIF20A",FALSE,TRUE
"ENSSSCG00000026302",FALSE,TRUE
"IL13RA2",FALSE,TRUE
"SEMA3F",FALSE,TRUE
"TACR3",FALSE,TRUE
"LHX4",FALSE,TRUE
"OLFML2A",FALSE,TRUE
"TMEM213",FALSE,TRUE
"LHX9",FALSE,TRUE
"MUC15",FALSE,TRUE
"PMFBP1",FALSE,TRUE
"NOX5",FALSE,TRUE
"FRMD5",FALSE,TRUE
"STMN2",FALSE,TRUE
"PTGES3L",FALSE,TRUE
"LGR5",FALSE,TRUE
"DDIT4L",FALSE,TRUE
"GABRA3",FALSE,TRUE
"ECT2L",FALSE,TRUE
"ENSSSCG00000046734",FALSE,TRUE
"ENSSSCG00000034740",FALSE,TRUE
"ENSSSCG00000006376",FALSE,TRUE
"HPGDS",FALSE,TRUE
"WNT2",FALSE,TRUE
"USP33",FALSE,TRUE
"LEPR",FALSE,TRUE
"TNFRSF12A",FALSE,TRUE
"ENSSSCG00000046385",FALSE,TRUE
"IHH",FALSE,TRUE
"VEGFD",FALSE,TRUE
"LIX1",FALSE,TRUE
"RASL11A",FALSE,TRUE
"ENSSSCG00000042409",FALSE,TRUE
"PGC",FALSE,TRUE
"LRP4",FALSE,TRUE
"MEGF6",FALSE,TRUE
"ENSSSCG00000051370",FALSE,TRUE
"HOXD10",FALSE,TRUE
"ACAA1",FALSE,TRUE
"OCSTAMP",FALSE,TRUE
"ELAPOR1",FALSE,TRUE
"MXRA8",FALSE,TRUE
"PKP1",FALSE,TRUE
"CHPT1",FALSE,TRUE
"CDCA7",FALSE,TRUE
"ENSSSCG00000059774",FALSE,TRUE
"SPHKAP",FALSE,TRUE
"ENSSSCG00000048203",FALSE,TRUE
"SLC38A4",FALSE,TRUE
"FBN2",FALSE,TRUE
"COL15A1",FALSE,TRUE
"OSCP1",FALSE,TRUE
"GPR137C",FALSE,TRUE
"UCP3",FALSE,TRUE
"CNGA3",FALSE,TRUE
"ENSSSCG00000016513",FALSE,TRUE
"TPMT",FALSE,TRUE
"VWC2L",FALSE,TRUE
"ETV3",FALSE,TRUE
"ENSSSCG00000060025",FALSE,TRUE
"CILP",FALSE,TRUE
"ZP3",FALSE,TRUE
"ENSSSCG00000032076",FALSE,TRUE
"REEP1",FALSE,TRUE
"DNALI1",FALSE,TRUE
"TSTD1",FALSE,TRUE
"TMEM232",FALSE,TRUE
"FBXO5",FALSE,TRUE
"CFAP95",FALSE,TRUE
"ENSSSCG00000049847",FALSE,TRUE
"ACO1",FALSE,TRUE
"ITGB8",FALSE,TRUE
"S100Z",FALSE,TRUE
"SLC16A6",FALSE,TRUE
"ANKRD45",FALSE,TRUE
"ADAMTS15",FALSE,TRUE
"ENSSSCG00000043749",FALSE,TRUE
"ENSSSCG00000062999",FALSE,TRUE
"VASH2",FALSE,TRUE
"ADGRE3",FALSE,TRUE
"TBX1",FALSE,TRUE
"SLCO2B1",FALSE,TRUE
"S1PR2",FALSE,TRUE
"SCNN1B",FALSE,TRUE
"ZNF366",FALSE,TRUE
"ENSSSCG00000058182",FALSE,TRUE
"RNF123",FALSE,TRUE
"PTPRF",FALSE,TRUE
"CFAP57",FALSE,TRUE
"TRPV5",FALSE,TRUE
"HSPA6",FALSE,TRUE
"NEB",FALSE,TRUE
"SOX6",FALSE,TRUE
"TRAIP",FALSE,TRUE
"KCNIP1",FALSE,TRUE
"PPARGC1A",FALSE,TRUE
"DHRS4",FALSE,TRUE
"KCNRG",FALSE,TRUE
"IL17F",FALSE,TRUE
"BPI",FALSE,TRUE
"CSRP2",FALSE,TRUE
"VKORC1L1",FALSE,TRUE
"LTA",FALSE,TRUE
"ENSSSCG00000052809",FALSE,TRUE
"SSTR1",FALSE,TRUE
"SERPINB7",FALSE,TRUE
"MYO7A",FALSE,TRUE
"ZNF662",FALSE,TRUE
"SFN",FALSE,TRUE
"GRPR",FALSE,TRUE
"CAPN13",FALSE,TRUE
"ENSSSCG00000047073",FALSE,TRUE
"IDO2",FALSE,TRUE
"ENSSSCG00000028695",FALSE,TRUE
"SLC52A3",FALSE,TRUE
"FRZB",FALSE,TRUE
"FAM110D",FALSE,TRUE
"ADGRV1",FALSE,TRUE
"GNAT3",FALSE,TRUE
"GALNT17",FALSE,TRUE
"ENSSSCG00000003080",FALSE,TRUE
"IL4I1",FALSE,TRUE
"WNT16",FALSE,TRUE
"GPC6",FALSE,TRUE
"ENSSSCG00000061530",FALSE,TRUE
"SGPP1",FALSE,TRUE
"NCAM1",FALSE,TRUE
"ENSSSCG00000062252",FALSE,TRUE
"PCYT1A",FALSE,TRUE
"MB21D2",FALSE,TRUE
"ENSSSCG00000053320",FALSE,TRUE
"SGCD",FALSE,TRUE
"PGRMC2",FALSE,TRUE
"YPEL4",FALSE,TRUE
"RASSF6",FALSE,TRUE
"MYL4",FALSE,TRUE
"DZIP1L",FALSE,TRUE
"ENSSSCG00000045323",FALSE,TRUE
"ENSSSCG00000048603",FALSE,TRUE
"ZFAND2A",FALSE,TRUE
"FERMT1",FALSE,TRUE
"ENSSSCG00000004410",FALSE,TRUE
"ENSSSCG00000015083",FALSE,TRUE
"PRCP",FALSE,TRUE
"KCTD8",FALSE,TRUE
"ART3",FALSE,TRUE
"TNFRSF11A",FALSE,TRUE
"TIMP4",FALSE,TRUE
"SDF2L1",FALSE,TRUE
"NTRK1",FALSE,TRUE
"SOWAHB",FALSE,TRUE
"HSPB1",FALSE,TRUE
"CNTN3",FALSE,TRUE
"SFTA2",FALSE,TRUE
"ENSSSCG00000045636",FALSE,TRUE
"FBLIM1",FALSE,TRUE
"TEKT2",FALSE,TRUE
"FAM221B",FALSE,TRUE
"FAM227A",FALSE,TRUE
"TMEM117",FALSE,TRUE
"CFAP161",FALSE,TRUE
"KCNC2",FALSE,TRUE
"UPK1B",FALSE,TRUE
"CCDC81",FALSE,TRUE
"ENSSSCG00000010044",FALSE,TRUE
"ENSSSCG00000055449",FALSE,TRUE
"CPXM1",FALSE,TRUE
"SIX4",FALSE,TRUE
"SLC16A11",FALSE,TRUE
"TBX5",FALSE,TRUE
"ADRB2",FALSE,TRUE
"MCM3",FALSE,TRUE
"TUSC3",FALSE,TRUE
"TSKU",FALSE,TRUE
"SLA-DMB",FALSE,TRUE
"ALDH2",FALSE,TRUE
"DRC7",FALSE,TRUE
"ENSSSCG00000015795",FALSE,TRUE
"ENSSSCG00000055389",FALSE,TRUE
"VLDLR",FALSE,TRUE
"AMBN",FALSE,TRUE
"ERFE",FALSE,TRUE
"PEA15",FALSE,TRUE
"ADA2",FALSE,TRUE
"ENSSSCG00000012452",FALSE,TRUE
"ENSSSCG00000021343",FALSE,TRUE
"ASF1B",FALSE,TRUE
"TALDO1",FALSE,TRUE
"DCSTAMP",FALSE,TRUE
"DYNC2LI1",FALSE,TRUE
"KRT23",FALSE,TRUE
"PRR16",FALSE,TRUE
"CCNA1",FALSE,TRUE
"ENSSSCG00000033537",FALSE,TRUE
"OSGIN1",FALSE,TRUE
"ENSSSCG00000052443",FALSE,TRUE
"NELL2",FALSE,TRUE
"FAM13C",FALSE,TRUE
"ESRRG",FALSE,TRUE
"TENM1",FALSE,TRUE
"PTI",FALSE,TRUE
"CTHRC1",FALSE,TRUE
"ENSSSCG00000040019",FALSE,TRUE
"GLOD5",FALSE,TRUE
"RGS17",FALSE,TRUE
"NPSR1",FALSE,TRUE
"WNT11",FALSE,TRUE
"ARL11",FALSE,TRUE
"ZBTB7C",FALSE,TRUE
"ENSSSCG00000036499",FALSE,TRUE
"AK5",FALSE,TRUE
"MT3",FALSE,TRUE
"RGS5",FALSE,TRUE
"MTHFD2L",FALSE,TRUE
"ENSSSCG00000057448",FALSE,TRUE
"TSPAN12",FALSE,TRUE
"DEFB1",FALSE,TRUE
"CHST2",FALSE,TRUE
"TMEM30A",FALSE,TRUE
"CDCP1",FALSE,TRUE
"BNIP5",FALSE,TRUE
"ENSSSCG00000014812",FALSE,TRUE
"PPIC",FALSE,TRUE
"WARS1",FALSE,TRUE
"ENSSSCG00000004572",FALSE,TRUE
"FAM78B",FALSE,TRUE
"MATCAP2",FALSE,TRUE
"CHL1",FALSE,TRUE
"ENSSSCG00000011850",FALSE,TRUE
"MORN3",FALSE,TRUE
"RNLS",FALSE,TRUE
"SEMA3B",FALSE,TRUE
"ENSSSCG00000014233",FALSE,TRUE
"BMP5",FALSE,TRUE
"GSR",FALSE,TRUE
"SEMA7A",FALSE,TRUE
"SPAG5",FALSE,TRUE
"ENPP5",FALSE,TRUE
"ADGRA3",FALSE,TRUE
"CDH2",FALSE,TRUE
"ATP6V1B2",FALSE,TRUE
"E2F8",FALSE,TRUE
"HOXA5",FALSE,TRUE
"ATP6V1F",FALSE,TRUE
"SLC1A3",FALSE,TRUE
"OSR1",FALSE,TRUE
"TEKT1",FALSE,TRUE
"ENSSSCG00000014800",FALSE,TRUE
"MYOF",FALSE,TRUE
"TLL2",FALSE,TRUE
"SLC13A2",FALSE,TRUE
"CFAP263",FALSE,TRUE
"LTC4S",FALSE,TRUE
"QRFPR",FALSE,TRUE
"ENSSSCG00000022331",FALSE,TRUE
"NEK11",FALSE,TRUE
"QSOX1",FALSE,TRUE
"F2RL1",FALSE,TRUE
"RNF180",FALSE,TRUE
"TOPAZ1",FALSE,TRUE
"CAPS2",FALSE,TRUE
"ENSSSCG00000060649",FALSE,TRUE
"CDHR4",FALSE,TRUE
"SYTL5",FALSE,TRUE
"EZH2",FALSE,TRUE
"ENSSSCG00000057934",FALSE,TRUE
"ERG28",FALSE,TRUE
"ENSSSCG00000062860",FALSE,TRUE
"CCDC40",FALSE,TRUE
"SLC1A5",FALSE,TRUE
"FANK1",FALSE,TRUE
"CDCA3",FALSE,TRUE
"ENPP4",FALSE,TRUE
"KIF18B",FALSE,TRUE
"ENSSSCG00000048076",FALSE,TRUE
"ENSSSCG00000050621",FALSE,TRUE
"GPR15LG",FALSE,TRUE
"SMAD6",FALSE,TRUE
"HSD11B2",FALSE,TRUE
"PTPRT",FALSE,TRUE
"RSPH6A",FALSE,TRUE
"ENSSSCG00000039476",FALSE,TRUE
"ZNF536",FALSE,TRUE
"ABCD2",FALSE,TRUE
"SOD1",FALSE,TRUE
"SLC6A20",FALSE,TRUE
"HS6ST3",FALSE,TRUE
"SLC41A1",FALSE,TRUE
"ENSSSCG00000000659",FALSE,TRUE
"GADL1",FALSE,TRUE
"C17orf58",FALSE,TRUE
"HEBP1",FALSE,TRUE
"ENSSSCG00000054741",FALSE,TRUE
"ENSSSCG00000049849",FALSE,TRUE
"NR5A2",FALSE,TRUE
"NPR3",FALSE,TRUE
"TSPAN18",FALSE,TRUE
"TMEM108",FALSE,TRUE
"RASL12",FALSE,TRUE
"PCDH18",FALSE,TRUE
"ENSSSCG00000047974",FALSE,TRUE
"SLC25A21",FALSE,TRUE
"GLT1D1",FALSE,TRUE
"ENSSSCG00000020967",FALSE,TRUE
"DIO2",FALSE,TRUE
"ENSSSCG00000052367",FALSE,TRUE
"MASTL",FALSE,TRUE
"PM20D2",FALSE,TRUE
"TMPRSS4",FALSE,TRUE
"FAM162B",FALSE,TRUE
"MSX1",FALSE,TRUE
"TSNAXIP1",FALSE,TRUE
"ENSSSCG00000034167",FALSE,TRUE
"AXDND1",FALSE,TRUE
"ENSSSCG00000045985",FALSE,TRUE
"EGFLAM",FALSE,TRUE
"COLGALT2",FALSE,TRUE
"SLC43A3",FALSE,TRUE
"DENND2A",FALSE,TRUE
"ENSSSCG00000061828",FALSE,TRUE
"GJB3",FALSE,TRUE
"TSPAN9",FALSE,TRUE
"SH3RF2",FALSE,TRUE
"NUAK1",FALSE,TRUE
"CYB5A",FALSE,TRUE
"RCN3",FALSE,TRUE
"LRRC32",FALSE,TRUE
"TSHZ3",FALSE,TRUE
"HAO2",FALSE,TRUE
"C12orf56",FALSE,TRUE
"AOAH",FALSE,TRUE
"STMND1",FALSE,TRUE
"TMEFF2",FALSE,TRUE
"ANKRD66",FALSE,TRUE
"RASGRF2",FALSE,TRUE
"AKR1D1",FALSE,TRUE
"ENSSSCG00000043665",FALSE,TRUE
"HHATL",FALSE,TRUE
"TOGARAM2",FALSE,TRUE
"CD72",FALSE,TRUE
"ENSSSCG00000045748",FALSE,TRUE
"BMP3",FALSE,TRUE
"LRATD2",FALSE,TRUE
"KCNS3",FALSE,TRUE
"DAW1",FALSE,TRUE
"CFL2",FALSE,TRUE
"CFAP157",FALSE,TRUE
"ENSSSCG00000063318",FALSE,TRUE
"CRYZ",FALSE,TRUE
"FBXO36",FALSE,TRUE
"GLB1",FALSE,TRUE
"ESR1",FALSE,TRUE
"GPSM2",FALSE,TRUE
"FAM161A",FALSE,TRUE
"NKD1",FALSE,TRUE
"ENSSSCG00000002400",FALSE,TRUE
"WDR49",FALSE,TRUE
"ENSSSCG00000061116",FALSE,TRUE
"GRIK1",FALSE,TRUE
"MAP3K19",FALSE,TRUE
"ENSSSCG00000050349",FALSE,TRUE
"GALNT16",FALSE,TRUE
"ENSSSCG00000051093",FALSE,TRUE
"TMEM61",FALSE,TRUE
"STON1",FALSE,TRUE
"TUBB1",FALSE,TRUE
"ENSSSCG00000007899",FALSE,TRUE
"ENSSSCG00000025687",FALSE,TRUE
"CRISPLD1",FALSE,TRUE
"MCIDAS",FALSE,TRUE
"PKDCC",FALSE,TRUE
"HS3ST2",FALSE,TRUE
"GRHL1",FALSE,TRUE
"SPC24",FALSE,TRUE
"ENSSSCG00000051073",FALSE,TRUE
"IL11",FALSE,TRUE
"BAALC",FALSE,TRUE
"SEC14L4",FALSE,TRUE
"SPTBN2",FALSE,TRUE
"MCM7",FALSE,TRUE
"SLC24A4",FALSE,TRUE
"IL2",FALSE,TRUE
"CATSPER3",FALSE,TRUE
"RHOU",FALSE,TRUE
"FAM124A",FALSE,TRUE
"DDX25",FALSE,TRUE
"PDLIM3",FALSE,TRUE
"ADGRG3",FALSE,TRUE
"CSPG4",FALSE,TRUE
"FBXO47",FALSE,TRUE
"ENSSSCG00000044512",FALSE,TRUE
"CPED1",FALSE,TRUE
"POF1B",FALSE,TRUE
"ENSSSCG00000051508",FALSE,TRUE
"SLC30A2",FALSE,TRUE
"LRP8",FALSE,TRUE
"EDA",FALSE,TRUE
"FIGN",FALSE,TRUE
"NDRG4",FALSE,TRUE
"GFRA1",FALSE,TRUE
"COMP",FALSE,TRUE
"GBX1",FALSE,TRUE
"KRT80",FALSE,TRUE
"ENSSSCG00000036851",FALSE,TRUE
"CD40",FALSE,TRUE
"RAB30",FALSE,TRUE
"ONECUT2",FALSE,TRUE
"KCNK3",FALSE,TRUE
"SULT1C2",FALSE,TRUE
"LAMP2",FALSE,TRUE
"ENSSSCG00000057437",FALSE,TRUE
"PEX11A",FALSE,TRUE
"TMEM26",FALSE,TRUE
"BBOF1",FALSE,TRUE
"DIPK2B",FALSE,TRUE
"PON2",FALSE,TRUE
"CENPS",FALSE,TRUE
"BATF2",FALSE,TRUE
"ERMAP",FALSE,TRUE
"PRICKLE1",FALSE,TRUE
"PTPRD",FALSE,TRUE
"GABRA1",FALSE,TRUE
"GCNT1",FALSE,TRUE
"ARSJ",FALSE,TRUE
"LSR",FALSE,TRUE
"IGSF3",FALSE,TRUE
"TRMT9B",FALSE,TRUE
"VASN",FALSE,TRUE
"MPDZ",FALSE,TRUE
"RNF152",FALSE,TRUE
"ENSSSCG00000049805",FALSE,TRUE
"NFASC",FALSE,TRUE
"ENSSSCG00000035214",FALSE,TRUE
"ENSSSCG00000054761",FALSE,TRUE
"NDP",FALSE,TRUE
"SCN9A",FALSE,TRUE
"ARSG",FALSE,TRUE
"LGR4",FALSE,TRUE
"CACNG4",FALSE,TRUE
"ENSSSCG00000046782",FALSE,TRUE
"GINS1",FALSE,TRUE
"MAK",FALSE,TRUE
"GDNF",FALSE,TRUE
"PIMREG",FALSE,TRUE
"C14orf39",FALSE,TRUE
"ENSSSCG00000062610",FALSE,TRUE
"PKIG",FALSE,TRUE
"RNF130",FALSE,TRUE
"ENTREP1",FALSE,TRUE
"F11",FALSE,TRUE
"PPP1R9A",FALSE,TRUE
"SEPTIN5",FALSE,TRUE
"GLI3",FALSE,TRUE
"ATP5MC3",FALSE,TRUE
"TRPM6",FALSE,TRUE
"CFAP206",FALSE,TRUE
"PROM1",FALSE,TRUE
"LPCAT1",FALSE,TRUE
"ENSSSCG00000059500",FALSE,TRUE
"RORB",FALSE,TRUE
"CLEC12A",FALSE,TRUE
"ENG",FALSE,TRUE
"SPIC",FALSE,TRUE
"EDARADD",FALSE,TRUE
"LHX6",FALSE,TRUE
"ENSSSCG00000009498",FALSE,TRUE
"NDST3",FALSE,TRUE
"LGALSL",FALSE,TRUE
"ENSSSCG00000040548",FALSE,TRUE
"RBP1",FALSE,TRUE
"LAMC2",FALSE,TRUE
"ENSSSCG00000044591",FALSE,TRUE
"PLPPR1",FALSE,TRUE
"PDZRN4",FALSE,TRUE
"CCL28",FALSE,TRUE
"ENSSSCG00000044377",FALSE,TRUE
"ENSSSCG00000046928",FALSE,TRUE
"THNSL2",FALSE,TRUE
"PRRG1",FALSE,TRUE
"SNCG",FALSE,TRUE
"TTLL10",FALSE,TRUE
"ENSSSCG00000052556",FALSE,TRUE
"ATP7B",FALSE,TRUE
"HSPA1L",FALSE,TRUE
"ATP1A2",FALSE,TRUE
"SENP8",FALSE,TRUE
"DGKI",FALSE,TRUE
"GABBR2",FALSE,TRUE
"ABCC9",FALSE,TRUE
"SPINK9",FALSE,TRUE
"P2RX3",FALSE,TRUE
"AIF1L",FALSE,TRUE
"ENSSSCG00000041864",FALSE,TRUE
"ENSSSCG00000038836",FALSE,TRUE
"LRRC36",FALSE,TRUE
"AVPI1",FALSE,TRUE
"HSPB6",FALSE,TRUE
"LYPD4",FALSE,TRUE
"ENSSSCG00000050944",FALSE,TRUE
"GPIHBP1",FALSE,TRUE
"COL27A1",FALSE,TRUE
"PTPRO",FALSE,TRUE
"ENSSSCG00000059222",FALSE,TRUE
"ENSSSCG00000062916",FALSE,TRUE
"ENSSSCG00000063102",FALSE,TRUE
"PADI4",FALSE,TRUE
"FSTL4",FALSE,TRUE
"ENSSSCG00000045742",FALSE,TRUE
"GAPT",FALSE,TRUE
"TPH1",FALSE,TRUE
"BRCA1",FALSE,TRUE
"WIPF3",FALSE,TRUE
"ACTN2",FALSE,TRUE
"SLC41A2",FALSE,TRUE
"DPP10",FALSE,TRUE
"CASR",FALSE,TRUE
"TLR8",FALSE,TRUE
"ACTN1",FALSE,TRUE
"SPNS2",FALSE,TRUE
"EFEMP2",FALSE,TRUE
"MLIP",FALSE,TRUE
"ENSSSCG00000031399",FALSE,TRUE
"COL21A1",FALSE,TRUE
"KCNIP4",FALSE,TRUE
"LY6D",FALSE,TRUE
"KMO",FALSE,TRUE
"NTNG1",FALSE,TRUE
"SLC22A3",FALSE,TRUE
"KANK1",FALSE,TRUE
"KCNMB4",FALSE,TRUE
"ENSSSCG00000057847",FALSE,TRUE
"LGR6",FALSE,TRUE
"IRX3",FALSE,TRUE
"PXDC1",FALSE,TRUE
"GJC1",FALSE,TRUE
"RETSAT",FALSE,TRUE
"ENSSSCG00000034735",FALSE,TRUE
"ENSSSCG00000057721",FALSE,TRUE
"ROR2",FALSE,TRUE
"ENSSSCG00000013788",FALSE,TRUE
"ENSSSCG00000062459",FALSE,TRUE
"HAL",FALSE,TRUE
"LHFPL4",FALSE,TRUE
"ENSSSCG00000044252",FALSE,TRUE
"SHE",FALSE,TRUE
"FKBP14",FALSE,TRUE
"PRLR",FALSE,TRUE
"NPAS3",FALSE,TRUE
"PLD4",FALSE,TRUE
"MYB",FALSE,TRUE
"CELA1",FALSE,TRUE
"ZNF516",FALSE,TRUE
"MYO5C",FALSE,TRUE
"RGS7",FALSE,TRUE
"TTC34",FALSE,TRUE
"CD109",FALSE,TRUE
"SLAMF8",FALSE,TRUE
"HS3ST3A1",FALSE,TRUE
"ACHE",FALSE,TRUE
"TAMALIN",FALSE,TRUE
"ENSSSCG00000063023",FALSE,TRUE
"SMARCA1",FALSE,TRUE
"ENSSSCG00000056644",FALSE,TRUE
"ENSSSCG00000052515",FALSE,TRUE
"ENSSSCG00000044461",FALSE,TRUE
"IFT172",FALSE,TRUE
"ENSSSCG00000004207",FALSE,TRUE
